Time (s),Displacement (in),Load (lbs),Gauge Strain (in/in),Hybrid Strain (in/in),Engineering Stress (psi),Temp (C),Angle (deg)
91.161,0.03919,360.70191,0.0004,0.0004,7348.16,25.0,45.0
92.845,0.03933,370.70423,0.00041,0.00041,7551.93,25.0,45.0
94.594,0.03948,380.70601,0.00043,0.00043,7755.68,25.0,45.0
96.257,0.03962,390.7161,0.00045,0.00045,7959.6,25.0,45.0
97.986,0.03976,400.71982,0.00046,0.00046,8163.4,25.0,45.0
99.661,0.0399,410.72398,0.00048,0.00048,8367.2,25.0,45.0
101.314,0.04004,420.73706,0.0005,0.0005,8571.19,25.0,45.0
102.974,0.04018,430.73788,0.0005,0.0005,8774.92,25.0,45.0
104.61,0.04032,440.74566,0.00052,0.00052,8978.8,25.0,45.0
106.2,0.04045,450.74727,0.00054,0.00054,9182.55,25.0,45.0
107.851,0.04058,460.75022,0.00055,0.00055,9386.33,25.0,45.0
109.411,0.04072,470.759,0.00057,0.00057,9590.22,25.0,45.0
111.063,0.04085,480.76212,0.00059,0.00059,9794.01,25.0,45.0
112.61,0.04098,490.76836,0.0006,0.0006,9997.85,25.0,45.0
114.184,0.04111,500.76923,0.00062,0.00062,10201.59,25.0,45.0
115.801,0.04125,510.77301,0.00063,0.00063,10405.38,25.0,45.0
117.347,0.04138,520.78184,0.00064,0.00064,10609.28,25.0,45.0
118.898,0.0415,530.7933,0.00066,0.00066,10813.23,25.0,45.0
120.361,0.04163,540.80163,0.00068,0.00068,11017.12,25.0,45.0
121.888,0.04176,550.80431,0.00069,0.00069,11220.89,25.0,45.0
123.429,0.04188,560.8088,0.00071,0.00071,11424.7,25.0,45.0
124.956,0.04201,570.8218,0.00073,0.00073,11628.69,25.0,45.0
126.487,0.04214,580.83299,0.00074,0.00074,11832.63,25.0,45.0
127.95,0.04226,590.83539,0.00076,0.00076,12036.4,25.0,45.0
129.447,0.04239,600.84016,0.00078,0.00078,12240.22,25.0,45.0
130.905,0.04251,610.85184,0.00079,0.00079,12444.17,25.0,45.0
132.406,0.04263,620.85512,0.00081,0.00081,12647.96,25.0,45.0
133.844,0.04275,630.86488,0.00082,0.00082,12851.87,25.0,45.0
135.285,0.04287,640.86926,0.00084,0.00084,13055.68,25.0,45.0
136.711,0.04299,650.87798,0.00085,0.00085,13259.58,25.0,45.0
138.131,0.04311,660.88236,0.00087,0.00087,13463.39,25.0,45.0
139.63,0.04323,670.88696,0.00089,0.00089,13667.2,25.0,45.0
141.052,0.04335,680.89689,0.0009,0.0009,13871.12,25.0,45.0
142.462,0.04347,690.90165,0.00092,0.00092,14074.93,25.0,45.0
143.868,0.04359,700.90466,0.00094,0.00094,14278.71,25.0,45.0
145.27,0.0437,710.91832,0.00095,0.00095,14482.71,25.0,45.0
146.699,0.04382,720.93022,0.00097,0.00097,14686.67,25.0,45.0
148.09,0.04394,730.93883,0.00098,0.00098,14890.56,25.0,45.0
149.429,0.04405,740.95012,0.001,0.001,15094.51,25.0,45.0
150.85,0.04417,750.9606,0.00101,0.00101,15298.44,25.0,45.0
152.25,0.04428,760.97491,0.00103,0.00103,15502.45,25.0,45.0
153.591,0.0444,770.98319,0.00105,0.00105,15706.34,25.0,45.0
155.004,0.04451,780.9901,0.00107,0.00107,15910.2,25.0,45.0
156.326,0.04462,790.99206,0.00108,0.00108,16113.96,25.0,45.0
157.652,0.04474,801.00369,0.0011,0.0011,16317.91,25.0,45.0
159.063,0.04485,811.01702,0.00111,0.00111,16521.9,25.0,45.0
160.39,0.04496,821.01789,0.00113,0.00113,16725.64,25.0,45.0
161.78,0.04508,831.02556,0.00114,0.00114,16929.51,25.0,45.0
163.112,0.04519,841.03142,0.00116,0.00116,17133.35,25.0,45.0
164.425,0.0453,851.03871,0.00118,0.00118,17337.22,25.0,45.0
165.81,0.04541,861.05094,0.00119,0.00119,17541.19,25.0,45.0
167.146,0.04552,871.0545,0.0012,0.0012,17744.98,25.0,45.0
168.455,0.04563,881.05905,0.00122,0.00122,17948.79,25.0,45.0
169.762,0.04575,891.06782,0.00123,0.00123,18152.69,25.0,45.0
171.104,0.04585,901.07538,0.00126,0.00126,18356.56,25.0,45.0
172.409,0.04596,911.08701,0.00127,0.00127,18560.51,25.0,45.0
173.719,0.04607,921.09145,0.00129,0.00129,18764.32,25.0,45.0
175.041,0.04618,931.09983,0.0013,0.0013,18968.21,25.0,45.0
176.329,0.04629,941.11349,0.00132,0.00132,19172.21,25.0,45.0
177.625,0.0464,951.11365,0.00133,0.00133,19375.93,25.0,45.0
178.937,0.04651,961.12467,0.00135,0.00135,19579.87,25.0,45.0
180.234,0.04662,971.13415,0.00136,0.00136,19783.78,25.0,45.0
181.522,0.04672,981.14079,0.00137,0.00137,19987.64,25.0,45.0
182.825,0.04683,991.1495,0.00139,0.00139,20191.53,25.0,45.0
184.111,0.04694,1001.15,0.00141,0.00141,20395.36,25.0,45.0
185.385,0.04705,1011.16,0.00142,0.00142,20599.1,25.0,45.0
186.61,0.04715,1021.16,0.00144,0.00144,20802.89,25.0,45.0
187.911,0.04726,1031.18,0.00146,0.00146,21006.95,25.0,45.0
189.191,0.04736,1041.18,0.00147,0.00147,21210.76,25.0,45.0
190.475,0.04747,1051.19,0.00149,0.00149,21414.61,25.0,45.0
191.715,0.04757,1061.19,0.0015,0.0015,21618.33,25.0,45.0
193.003,0.04768,1071.2,0.00152,0.00152,21822.37,25.0,45.0
194.227,0.04778,1081.21,0.00153,0.00153,22026.19,25.0,45.0
195.525,0.04789,1091.21,0.00155,0.00155,22229.95,25.0,45.0
196.727,0.04799,1101.22,0.00156,0.00156,22433.95,25.0,45.0
198.015,0.0481,1111.24,0.00157,0.00157,22637.91,25.0,45.0
199.247,0.0482,1121.24,0.00159,0.00159,22841.73,25.0,45.0
200.513,0.04831,1131.26,0.0016,0.0016,23045.81,25.0,45.0
201.713,0.04841,1141.26,0.00162,0.00162,23249.59,25.0,45.0
202.924,0.04851,1151.26,0.00164,0.00164,23453.33,25.0,45.0
204.204,0.04861,1161.27,0.00165,0.00165,23657.23,25.0,45.0
205.411,0.04872,1171.28,0.00167,0.00167,23861.14,25.0,45.0
206.677,0.04882,1181.3,0.00168,0.00168,24065.21,25.0,45.0
207.888,0.04892,1191.3,0.0017,0.0017,24268.99,25.0,45.0
209.081,0.04902,1201.3,0.00171,0.00171,24472.71,25.0,45.0
210.279,0.04912,1211.3,0.00173,0.00173,24676.46,25.0,45.0
211.561,0.04923,1221.32,0.00174,0.00174,24880.47,25.0,45.0
212.749,0.04933,1231.33,0.00176,0.00176,25084.46,25.0,45.0
213.94,0.04943,1241.35,0.00177,0.00177,25288.48,25.0,45.0
215.208,0.04953,1251.35,0.00178,0.00178,25492.26,25.0,45.0
216.401,0.04963,1261.35,0.00179,0.00179,25696.01,25.0,45.0
217.58,0.04973,1271.36,0.00181,0.00181,25899.91,25.0,45.0
218.773,0.04983,1281.37,0.00182,0.00182,26103.94,25.0,45.0
219.972,0.04993,1291.39,0.00184,0.00184,26307.91,25.0,45.0
221.154,0.05003,1301.41,0.00186,0.00186,26512.05,25.0,45.0
222.336,0.05013,1311.41,0.00187,0.00187,26715.92,25.0,45.0
223.546,0.05022,1321.42,0.00189,0.00189,26919.66,25.0,45.0
224.731,0.05032,1331.43,0.0019,0.0019,27123.73,25.0,45.0
225.921,0.05042,1341.45,0.00191,0.00191,27327.71,25.0,45.0
227.111,0.05052,1351.45,0.00193,0.00193,27531.56,25.0,45.0
228.308,0.05062,1361.47,0.00195,0.00195,27735.63,25.0,45.0
229.486,0.05072,1371.48,0.00196,0.00196,27939.53,25.0,45.0
230.667,0.05082,1381.48,0.00198,0.00198,28143.28,25.0,45.0
231.857,0.05092,1391.48,0.00199,0.00199,28347.1,25.0,45.0
233.027,0.05102,1401.49,0.00201,0.00201,28550.86,25.0,45.0
234.207,0.05111,1411.5,0.00202,0.00202,28754.86,25.0,45.0
235.394,0.05121,1421.51,0.00204,0.00204,28958.85,25.0,45.0
236.582,0.05131,1431.52,0.00206,0.00206,29162.6,25.0,45.0
237.703,0.05141,1441.53,0.00207,0.00207,29366.62,25.0,45.0
238.879,0.0515,1451.54,0.00208,0.00208,29570.47,25.0,45.0
240.068,0.0516,1461.54,0.0021,0.0021,29774.32,25.0,45.0
241.243,0.0517,1471.56,0.00211,0.00211,29978.39,25.0,45.0
242.414,0.0518,1481.58,0.00213,0.00213,30182.45,25.0,45.0
243.605,0.0519,1491.58,0.00215,0.00215,30386.19,25.0,45.0
244.779,0.05199,1501.59,0.00216,0.00216,30590.13,25.0,45.0
245.894,0.05209,1511.6,0.00218,0.00218,30794.1,25.0,45.0
247.066,0.05219,1521.61,0.00219,0.00219,30998.07,25.0,45.0
248.257,0.05228,1531.62,0.0022,0.0022,31201.95,25.0,45.0
249.433,0.05238,1541.63,0.00222,0.00222,31405.76,25.0,45.0
250.543,0.05248,1551.63,0.00224,0.00224,31609.54,25.0,45.0
251.724,0.05257,1561.64,0.00226,0.00226,31813.49,25.0,45.0
252.882,0.05267,1571.65,0.00227,0.00227,32017.45,25.0,45.0
254.058,0.05277,1581.67,0.00229,0.00229,32221.48,25.0,45.0
255.226,0.05287,1591.68,0.00231,0.00231,32425.49,25.0,45.0
256.401,0.05296,1601.7,0.00232,0.00232,32629.54,25.0,45.0
257.502,0.05306,1611.71,0.00234,0.00234,32833.58,25.0,45.0
258.681,0.05315,1621.73,0.00235,0.00235,33037.53,25.0,45.0
259.893,0.05325,1631.73,0.00237,0.00237,33241.31,25.0,45.0
261.072,0.05335,1641.74,0.00239,0.00239,33445.2,25.0,45.0
262.183,0.05345,1651.74,0.0024,0.0024,33649.01,25.0,45.0
263.365,0.05354,1661.75,0.00242,0.00242,33852.82,25.0,45.0
264.567,0.05364,1671.76,0.00244,0.00244,34056.84,25.0,45.0
265.756,0.05374,1681.77,0.00246,0.00246,34260.69,25.0,45.0
266.879,0.05384,1691.77,0.00248,0.00248,34464.48,25.0,45.0
268.088,0.05394,1701.78,0.0025,0.0025,34668.45,25.0,45.0
269.285,0.05404,1711.79,0.00252,0.00252,34872.27,25.0,45.0
270.489,0.05414,1721.8,0.00254,0.00254,35076.13,25.0,45.0
271.693,0.05424,1731.81,0.00256,0.00256,35280.1,25.0,45.0
272.902,0.05434,1741.82,0.00258,0.00258,35483.98,25.0,45.0
274.098,0.05444,1751.82,0.0026,0.0026,35687.71,25.0,45.0
275.301,0.05454,1761.82,0.00262,0.00262,35891.56,25.0,45.0
276.517,0.05464,1771.84,0.00264,0.00264,36095.53,25.0,45.0
277.725,0.05474,1781.84,0.00266,0.00266,36299.27,25.0,45.0
279.011,0.05485,1791.84,0.00269,0.00269,36503.11,25.0,45.0
280.243,0.05495,1801.86,0.00272,0.00272,36707.14,25.0,45.0
281.531,0.05506,1811.86,0.00274,0.00274,36910.93,25.0,45.0
282.828,0.05517,1821.87,0.00276,0.00276,37114.93,25.0,45.0
284.156,0.05528,1831.89,0.00279,0.00279,37319.04,25.0,45.0
285.467,0.05539,1841.9,0.00282,0.00282,37522.83,25.0,45.0
286.789,0.0555,1851.91,0.00285,0.00285,37726.77,25.0,45.0
288.147,0.05561,1861.92,0.00288,0.00288,37930.64,25.0,45.0
289.558,0.05573,1871.93,0.00291,0.00291,38134.64,25.0,45.0
290.918,0.05584,1881.94,0.00294,0.00294,38338.61,25.0,45.0
292.457,0.05597,1891.96,0.00298,0.00298,38542.59,25.0,45.0
293.933,0.05609,1901.98,0.00302,0.00302,38746.73,25.0,45.0
295.49,0.05622,1911.99,0.00306,0.00306,38950.65,25.0,45.0
297.068,0.05635,1922.0,0.00311,0.00311,39154.63,25.0,45.0
298.67,0.05649,1932.0,0.00315,0.00315,39358.35,25.0,45.0
300.471,0.05664,1942.01,0.00321,0.00321,39562.35,25.0,45.0
302.178,0.05678,1952.01,0.00326,0.00326,39766.1,25.0,45.0
304.101,0.05694,1962.02,0.00332,0.00332,39970.02,25.0,45.0
306.137,0.05711,1972.02,0.00339,0.00339,40173.76,25.0,45.0
308.197,0.05728,1982.03,0.00346,0.00346,40377.62,25.0,45.0
310.346,0.05746,1992.04,0.00353,0.00353,40581.49,25.0,45.0
312.747,0.05766,2002.05,0.00361,0.00361,40785.38,25.0,45.0
315.267,0.05787,2012.06,0.00371,0.00371,40989.26,25.0,45.0
317.92,0.05809,2022.06,0.00381,0.00381,41193.14,25.0,45.0
320.687,0.05832,2031.47,0.00391,0.00391,41384.7,25.0,45.0
323.256,0.05854,2040.14,0.00401,0.00401,41561.33,25.0,45.0
325.883,0.05875,2047.37,0.00411,0.00411,41708.72,25.0,45.0
328.309,0.05896,2054.37,0.00421,0.00421,41851.31,25.0,45.0
330.83,0.05917,2062.09,0.00431,0.00431,42008.57,25.0,45.0
333.368,0.05938,2068.01,0.00441,0.00441,42129.2,25.0,45.0
335.761,0.05958,2074.01,0.00451,0.00451,42251.42,25.0,45.0
338.081,0.05977,2078.93,0.00461,0.00461,42351.64,25.0,45.0
340.585,0.05998,2085.02,0.00471,0.00471,42475.77,25.0,45.0
342.864,0.06017,2089.35,0.00481,0.00481,42563.96,25.0,45.0
345.192,0.06036,2093.83,0.00491,0.00491,42655.21,25.0,45.0
347.395,0.06055,2098.35,0.00501,0.00501,42747.33,25.0,45.0
349.63,0.06073,2102.12,0.00511,0.00511,42823.99,25.0,45.0
351.782,0.06091,2106.22,0.00521,0.00521,42907.47,25.0,45.0
353.964,0.06109,2109.77,0.00531,0.00531,42979.92,25.0,45.0
356.08,0.06127,2112.33,0.00541,0.00541,43032.07,25.0,45.0
358.291,0.06145,2116.18,0.00551,0.00551,43110.4,25.0,45.0
360.516,0.06164,2119.02,0.00561,0.00561,43168.4,25.0,45.0
362.733,0.06182,2121.88,0.00571,0.00571,43226.58,25.0,45.0
364.85,0.062,2125.14,0.00581,0.00581,43292.92,25.0,45.0
367.002,0.06218,2127.69,0.00591,0.00591,43344.86,25.0,45.0
369.119,0.06236,2130.57,0.00601,0.00601,43403.61,25.0,45.0
371.29,0.06254,2132.97,0.00611,0.00611,43452.5,25.0,45.0
373.385,0.06271,2135.4,0.00621,0.00621,43501.99,25.0,45.0
375.525,0.06289,2137.21,0.00631,0.00631,43538.87,25.0,45.0
377.586,0.06306,2139.35,0.00641,0.00641,43582.55,25.0,45.0
379.8,0.06325,2141.61,0.00651,0.00651,43628.57,25.0,45.0
381.709,0.06341,2143.92,0.00661,0.00661,43675.56,25.0,45.0
383.752,0.06358,2145.87,0.00671,0.00671,43715.32,25.0,45.0
385.895,0.06375,2147.08,0.00681,0.00681,43739.98,25.0,45.0
387.857,0.06392,2149.24,0.00691,0.00691,43783.86,25.0,45.0
389.843,0.06408,2151.18,0.00701,0.00701,43823.44,25.0,45.0
391.835,0.06425,2152.28,0.00711,0.00711,43845.9,25.0,45.0
393.842,0.06442,2154.55,0.00721,0.00721,43892.12,25.0,45.0
395.802,0.06458,2155.64,0.00731,0.00731,43914.37,25.0,45.0
397.877,0.06475,2157.07,0.00741,0.00741,43943.57,25.0,45.0
399.795,0.06491,2158.78,0.00751,0.00751,43978.35,25.0,45.0
401.857,0.06508,2159.94,0.00761,0.00761,44002.03,25.0,45.0
403.788,0.06525,2161.07,0.00771,0.00771,44024.92,25.0,45.0
405.833,0.06542,2163.13,0.00781,0.00781,44066.85,25.0,45.0
407.856,0.06559,2163.87,0.00791,0.00791,44082.05,25.0,45.0
409.908,0.06576,2165.43,0.00801,0.00801,44113.74,25.0,45.0
411.88,0.06592,2166.9,0.00811,0.00811,44143.75,25.0,45.0
413.991,0.0661,2168.23,0.00821,0.00821,44170.78,25.0,45.0
416.037,0.06627,2168.78,0.00831,0.00831,44182.06,25.0,45.0
418.058,0.06643,2170.38,0.00841,0.00841,44214.52,25.0,45.0
419.997,0.0666,2171.13,0.00851,0.00851,44229.9,25.0,45.0
421.996,0.06676,2172.08,0.00861,0.00861,44249.15,25.0,45.0
423.93,0.06692,2174.11,0.00871,0.00871,44290.69,25.0,45.0
425.905,0.06709,2175.07,0.00881,0.00881,44310.07,25.0,45.0
427.779,0.06725,2175.74,0.00891,0.00891,44323.76,25.0,45.0
429.743,0.06741,2176.97,0.00901,0.00901,44348.91,25.0,45.0
431.701,0.06757,2178.16,0.00911,0.00911,44373.17,25.0,45.0
433.704,0.06774,2178.6,0.00921,0.00921,44382.06,25.0,45.0
435.568,0.06789,2179.28,0.00931,0.00931,44395.87,25.0,45.0
437.505,0.06805,2180.13,0.00941,0.00941,44413.28,25.0,45.0
439.344,0.06821,2181.01,0.00951,0.00951,44431.26,25.0,45.0
441.185,0.06836,2181.65,0.00961,0.00961,44444.13,25.0,45.0
443.072,0.06852,2183.33,0.00971,0.00971,44478.42,25.0,45.0
444.901,0.06867,2184.02,0.00981,0.00981,44492.42,25.0,45.0
446.718,0.06882,2184.51,0.00991,0.00991,44502.38,25.0,45.0
448.586,0.06898,2185.7,0.01001,0.01001,44526.74,25.0,45.0
450.407,0.06913,2185.94,0.01011,0.01011,44531.68,25.0,45.0
452.237,0.06928,2187.0,0.01021,0.01021,44553.21,25.0,45.0
454.102,0.06944,2187.78,0.01031,0.01031,44569.15,25.0,45.0
455.934,0.06959,2188.86,0.01041,0.01041,44591.1,25.0,45.0
457.804,0.06975,2189.93,0.01051,0.01051,44612.87,25.0,45.0
459.615,0.0699,2190.69,0.01061,0.01061,44628.28,25.0,45.0
461.481,0.07005,2191.03,0.01071,0.01071,44635.3,25.0,45.0
463.289,0.0702,2192.1,0.01081,0.01081,44657.09,25.0,45.0
465.135,0.07036,2193.1,0.01091,0.01091,44677.37,25.0,45.0
467.049,0.07052,2193.05,0.01101,0.01101,44676.49,25.0,45.0
468.887,0.07067,2193.81,0.01111,0.01111,44691.94,25.0,45.0
470.616,0.07081,2194.53,0.01121,0.01121,44706.64,25.0,45.0
472.407,0.07097,2195.98,0.01131,0.01131,44736.06,25.0,45.0
474.192,0.07111,2195.67,0.01141,0.01141,44729.92,25.0,45.0
475.964,0.07126,2197.23,0.01151,0.01151,44761.67,25.0,45.0
477.705,0.0714,2197.57,0.01161,0.01161,44768.43,25.0,45.0
479.55,0.07156,2198.54,0.01171,0.01171,44788.29,25.0,45.0
481.297,0.07171,2198.79,0.01181,0.01181,44793.44,25.0,45.0
483.17,0.07186,2199.01,0.01191,0.01191,44797.91,25.0,45.0
484.847,0.072,2200.6,0.01201,0.01201,44830.3,25.0,45.0
486.613,0.07215,2200.2,0.01211,0.01211,44822.16,25.0,45.0
488.347,0.07229,2200.92,0.01221,0.01221,44836.76,25.0,45.0
490.117,0.07244,2202.01,0.01231,0.01231,44858.95,25.0,45.0
491.818,0.07258,2202.46,0.01241,0.01241,44868.25,25.0,45.0
493.562,0.07273,2203.47,0.01251,0.01251,44888.83,25.0,45.0
495.35,0.07288,2203.42,0.01261,0.01261,44887.8,25.0,45.0
497.205,0.07303,2204.01,0.01271,0.01271,44899.8,25.0,45.0
498.996,0.07318,2205.42,0.01281,0.01281,44928.41,25.0,45.0
500.782,0.07333,2205.6,0.01291,0.01291,44932.02,25.0,45.0
502.557,0.07348,2206.62,0.01301,0.01301,44952.89,25.0,45.0
504.288,0.07362,2207.38,0.01311,0.01311,44968.33,25.0,45.0
506.011,0.07376,2207.58,0.01321,0.01321,44972.48,25.0,45.0
507.828,0.07392,2208.39,0.01331,0.01331,44989.0,25.0,45.0
509.573,0.07406,2208.42,0.01341,0.01341,44989.5,25.0,45.0
511.409,0.07421,2209.26,0.01351,0.01351,45006.77,25.0,45.0
513.137,0.07436,2209.52,0.01361,0.01361,45011.91,25.0,45.0
514.958,0.07451,2210.12,0.01371,0.01371,45024.29,25.0,45.0
516.729,0.07466,2211.21,0.01381,0.01381,45046.32,25.0,45.0
518.526,0.07481,2211.19,0.01391,0.01391,45046.02,25.0,45.0
520.322,0.07496,2211.66,0.01401,0.01401,45055.65,25.0,45.0
522.161,0.07511,2212.11,0.01411,0.01411,45064.69,25.0,45.0
523.952,0.07526,2212.9,0.01421,0.01421,45080.85,25.0,45.0
525.724,0.07541,2214.18,0.01431,0.01431,45106.96,25.0,45.0
527.513,0.07556,2214.15,0.01441,0.01441,45106.37,25.0,45.0
529.314,0.07571,2214.7,0.01451,0.01451,45117.41,25.0,45.0
531.177,0.07586,2215.24,0.01461,0.01461,45128.52,25.0,45.0
532.883,0.076,2215.77,0.01471,0.01471,45139.2,25.0,45.0
534.647,0.07615,2216.93,0.01481,0.01481,45162.86,25.0,45.0
536.394,0.0763,2217.04,0.01491,0.01491,45165.1,25.0,45.0
538.147,0.07644,2217.15,0.01501,0.01501,45167.49,25.0,45.0
539.905,0.07659,2218.56,0.01511,0.01511,45196.04,25.0,45.0
541.628,0.07673,2219.11,0.01521,0.01521,45207.31,25.0,45.0
543.373,0.07688,2219.25,0.01531,0.01531,45210.21,25.0,45.0
545.209,0.07703,2220.1,0.01541,0.01541,45227.55,25.0,45.0
546.922,0.07717,2220.32,0.01551,0.01551,45232.0,25.0,45.0
548.674,0.07732,2220.51,0.01561,0.01561,45235.95,25.0,45.0
550.36,0.07746,2221.25,0.01571,0.01571,45250.9,25.0,45.0
552.146,0.07761,2221.8,0.01581,0.01581,45262.16,25.0,45.0
553.84,0.07775,2221.99,0.01591,0.01591,45265.95,25.0,45.0
555.623,0.0779,2223.23,0.01601,0.01601,45291.3,25.0,45.0
557.358,0.07804,2223.98,0.01611,0.01611,45306.45,25.0,45.0
559.164,0.07819,2223.84,0.01621,0.01621,45303.75,25.0,45.0
560.935,0.07834,2224.65,0.01631,0.01631,45320.12,25.0,45.0
562.74,0.07849,2225.16,0.01641,0.01641,45330.62,25.0,45.0
564.452,0.07863,2225.68,0.01651,0.01651,45341.18,25.0,45.0
566.167,0.07878,2225.9,0.01661,0.01661,45345.76,25.0,45.0
567.828,0.07892,2226.97,0.01671,0.01671,45367.46,25.0,45.0
569.568,0.07906,2227.43,0.01681,0.01681,45376.78,25.0,45.0
571.256,0.0792,2227.39,0.01691,0.01691,45376.08,25.0,45.0
572.923,0.07934,2228.28,0.01701,0.01701,45394.14,25.0,45.0
574.734,0.07949,2228.34,0.01711,0.01711,45395.36,25.0,45.0
576.491,0.07964,2229.35,0.01721,0.01721,45415.92,25.0,45.0
578.22,0.07978,2229.97,0.01731,0.01731,45428.51,25.0,45.0
580.054,0.07993,2230.24,0.01741,0.01741,45434.02,25.0,45.0
581.747,0.08008,2230.28,0.01751,0.01751,45434.9,25.0,45.0
583.481,0.08022,2230.63,0.01761,0.01761,45442.01,25.0,45.0
585.22,0.08037,2231.18,0.01771,0.01771,45453.26,25.0,45.0
586.898,0.0805,2232.16,0.01781,0.01781,45473.17,25.0,45.0
588.65,0.08065,2232.88,0.01791,0.01791,45487.81,25.0,45.0
590.369,0.08079,2233.02,0.01801,0.01801,45490.64,25.0,45.0
592.196,0.08095,2233.06,0.01811,0.01811,45491.6,25.0,45.0
593.882,0.08109,2234.44,0.01821,0.01821,45519.59,25.0,45.0
595.635,0.08123,2234.3,0.01831,0.01831,45516.7,25.0,45.0
597.312,0.08137,2235.0,0.01841,0.01841,45531.09,25.0,45.0
599.045,0.08152,2234.75,0.01851,0.01851,45525.89,25.0,45.0
600.728,0.08166,2236.1,0.01861,0.01861,45553.53,25.0,45.0
602.437,0.0818,2236.55,0.01871,0.01871,45562.63,25.0,45.0
604.188,0.08195,2236.99,0.01881,0.01881,45571.57,25.0,45.0
605.962,0.08209,2236.79,0.01891,0.01891,45567.55,25.0,45.0
607.771,0.08224,2237.94,0.01901,0.01901,45591.04,25.0,45.0
609.543,0.08239,2237.81,0.01911,0.01911,45588.37,25.0,45.0
611.275,0.08254,2238.07,0.01921,0.01921,45593.58,25.0,45.0
613.05,0.08269,2239.35,0.01931,0.01931,45619.73,25.0,45.0
614.795,0.08283,2239.63,0.01941,0.01941,45625.46,25.0,45.0
616.575,0.08298,2239.72,0.01951,0.01951,45627.24,25.0,45.0
618.307,0.08312,2240.75,0.01961,0.01961,45648.24,25.0,45.0
620.081,0.08327,2240.45,0.01971,0.01971,45642.14,25.0,45.0
621.836,0.08342,2241.09,0.01981,0.01981,45655.09,25.0,45.0
623.087,0.08352,2241.06,0.01971,0.01971,45654.47,25.0,45.0
623.109,0.08352,2241.3,0.01961,0.01961,45659.3,25.0,45.0
623.136,0.08352,2241.71,0.01951,0.01951,45667.84,25.0,45.0
623.183,0.08353,2241.61,0.01941,0.01941,45665.77,25.0,45.0
623.292,0.08354,2242.25,0.01951,0.01951,45678.73,25.0,45.0
623.317,0.08354,2241.58,0.01961,0.01961,45665.09,25.0,45.0
623.35,0.08354,2241.46,0.01972,0.01972,45662.56,25.0,45.0
623.41,0.08355,2242.18,0.01982,0.01982,45677.38,25.0,45.0
623.743,0.08357,2241.59,0.01992,0.01992,45665.25,25.0,45.0
625.471,0.08372,2241.97,0.02002,0.02002,45672.96,25.0,45.0
627.208,0.08386,2242.19,0.02012,0.02012,45677.46,25.0,45.0
628.889,0.084,2243.63,0.02022,0.02022,45706.93,25.0,45.0
630.625,0.08415,2244.13,0.02032,0.02032,45717.04,25.0,45.0
632.378,0.08429,2244.31,0.02042,0.02042,45720.79,25.0,45.0
634.124,0.08444,2245.16,0.02052,0.02052,45738.04,25.0,45.0
635.904,0.08459,2244.55,0.02062,0.02062,45725.5,25.0,45.0
637.679,0.08474,2245.71,0.02072,0.02072,45749.14,25.0,45.0
639.425,0.08488,2246.01,0.02082,0.02082,45755.28,25.0,45.0
641.171,0.08503,2246.76,0.02092,0.02092,45770.59,25.0,45.0
642.918,0.08517,2247.15,0.02102,0.02102,45778.47,25.0,45.0
644.636,0.08532,2247.35,0.02112,0.02112,45782.71,25.0,45.0
646.39,0.08546,2248.18,0.02122,0.02122,45799.47,25.0,45.0
648.093,0.0856,2248.24,0.02132,0.02132,45800.79,25.0,45.0
649.9,0.08576,2248.38,0.02142,0.02142,45803.54,25.0,45.0
651.653,0.0859,2248.79,0.02152,0.02152,45811.91,25.0,45.0
653.487,0.08605,2249.07,0.02162,0.02162,45817.6,25.0,45.0
655.16,0.08619,2250.04,0.02172,0.02172,45837.38,25.0,45.0
656.94,0.08634,2250.12,0.02182,0.02182,45839.16,25.0,45.0
658.642,0.08649,2251.19,0.02192,0.02192,45860.87,25.0,45.0
660.435,0.08663,2250.85,0.02202,0.02202,45853.92,25.0,45.0
662.176,0.08678,2251.62,0.02212,0.02212,45869.53,25.0,45.0
663.952,0.08693,2252.22,0.02222,0.02222,45881.91,25.0,45.0
665.689,0.08707,2252.83,0.02232,0.02232,45894.3,25.0,45.0
667.533,0.08722,2253.02,0.02242,0.02242,45898.06,25.0,45.0
669.268,0.08737,2253.72,0.02252,0.02252,45912.46,25.0,45.0
671.0,0.08751,2253.93,0.02262,0.02262,45916.71,25.0,45.0
672.733,0.08766,2254.32,0.02272,0.02272,45924.54,25.0,45.0
674.45,0.0878,2254.76,0.02282,0.02282,45933.53,25.0,45.0
676.176,0.08794,2254.95,0.02292,0.02292,45937.55,25.0,45.0
677.981,0.0881,2255.07,0.02302,0.02302,45939.87,25.0,45.0
679.712,0.08824,2255.29,0.02312,0.02312,45944.33,25.0,45.0
681.498,0.08839,2256.44,0.02322,0.02322,45967.82,25.0,45.0
683.241,0.08853,2256.73,0.02332,0.02332,45973.72,25.0,45.0
685.04,0.08868,2257.04,0.02342,0.02342,45979.98,25.0,45.0
686.79,0.08883,2257.67,0.02352,0.02352,45992.9,25.0,45.0
688.545,0.08898,2257.72,0.02362,0.02362,45993.98,25.0,45.0
690.243,0.08912,2258.52,0.02372,0.02372,46010.09,25.0,45.0
692.031,0.08927,2258.61,0.02382,0.02382,46011.93,25.0,45.0
693.776,0.08941,2259.48,0.02392,0.02392,46029.71,25.0,45.0
695.535,0.08956,2258.95,0.02402,0.02402,46019.0,25.0,45.0
697.242,0.0897,2260.04,0.02412,0.02412,46041.15,25.0,45.0
699.008,0.08985,2260.06,0.02422,0.02422,46041.64,25.0,45.0
700.804,0.09,2260.69,0.02432,0.02432,46054.42,25.0,45.0
702.536,0.09014,2260.75,0.02442,0.02442,46055.7,25.0,45.0
704.335,0.09029,2261.54,0.02452,0.02452,46071.72,25.0,45.0
706.056,0.09043,2261.99,0.02462,0.02462,46080.88,25.0,45.0
707.862,0.09058,2261.92,0.02472,0.02472,46079.48,25.0,45.0
709.587,0.09073,2262.58,0.02482,0.02482,46092.9,25.0,45.0
711.421,0.09088,2262.8,0.02492,0.02492,46097.38,25.0,45.0
713.267,0.09104,2263.14,0.02502,0.02502,46104.41,25.0,45.0
715.133,0.09119,2263.56,0.02512,0.02512,46112.89,25.0,45.0
716.936,0.09134,2264.8,0.02522,0.02522,46138.07,25.0,45.0
718.744,0.09149,2264.64,0.02532,0.02532,46134.83,25.0,45.0
720.476,0.09164,2264.99,0.02542,0.02542,46142.03,25.0,45.0
722.268,0.09179,2265.41,0.02552,0.02552,46150.61,25.0,45.0
724.031,0.09193,2265.61,0.02562,0.02562,46154.64,25.0,45.0
725.801,0.09208,2266.74,0.02572,0.02572,46177.66,25.0,45.0
727.581,0.09223,2266.26,0.02582,0.02582,46167.83,25.0,45.0
729.479,0.09239,2267.05,0.02592,0.02592,46183.88,25.0,45.0
731.249,0.09253,2267.94,0.02602,0.02602,46202.04,25.0,45.0
733.108,0.09269,2268.39,0.02612,0.02612,46211.22,25.0,45.0
734.864,0.09284,2268.46,0.02622,0.02622,46212.79,25.0,45.0
736.66,0.09299,2268.48,0.02632,0.02632,46213.13,25.0,45.0
738.377,0.09313,2268.76,0.02642,0.02642,46218.78,25.0,45.0
740.212,0.09328,2268.82,0.02652,0.02652,46220.09,25.0,45.0
741.975,0.09343,2269.62,0.02662,0.02662,46236.37,25.0,45.0
743.814,0.09358,2269.7,0.02672,0.02672,46237.87,25.0,45.0
745.654,0.09373,2270.38,0.02682,0.02682,46251.72,25.0,45.0
747.528,0.09389,2270.55,0.02692,0.02692,46255.22,25.0,45.0
749.36,0.09404,2271.27,0.02702,0.02702,46269.9,25.0,45.0
751.173,0.0942,2272.05,0.02712,0.02712,46285.83,25.0,45.0
752.963,0.09434,2272.04,0.02722,0.02722,46285.69,25.0,45.0
754.772,0.0945,2272.42,0.02732,0.02732,46293.33,25.0,45.0
756.557,0.09464,2273.19,0.02742,0.02742,46309.04,25.0,45.0
758.421,0.0948,2273.68,0.02752,0.02752,46319.1,25.0,45.0
760.197,0.09495,2272.98,0.02762,0.02762,46304.75,25.0,45.0
762.12,0.09511,2274.47,0.02772,0.02772,46335.07,25.0,45.0
763.906,0.09526,2274.02,0.02782,0.02782,46325.88,25.0,45.0
765.737,0.09541,2274.33,0.02792,0.02792,46332.3,25.0,45.0
767.604,0.09557,2275.19,0.02802,0.02802,46349.84,25.0,45.0
769.515,0.09572,2274.99,0.02812,0.02812,46345.81,25.0,45.0
771.365,0.09588,2275.96,0.02822,0.02822,46365.46,25.0,45.0
773.229,0.09603,2276.26,0.02832,0.02832,46371.58,25.0,45.0
775.127,0.09619,2276.76,0.02842,0.02842,46381.72,25.0,45.0
776.985,0.09635,2277.03,0.02852,0.02852,46387.2,25.0,45.0
778.916,0.09651,2277.76,0.02862,0.02862,46402.2,25.0,45.0
780.763,0.09666,2277.73,0.02872,0.02872,46401.51,25.0,45.0
782.679,0.09682,2278.63,0.02882,0.02882,46419.83,25.0,45.0
784.521,0.09697,2278.3,0.02892,0.02892,46413.19,25.0,45.0
786.4,0.09713,2278.59,0.02902,0.02902,46418.98,25.0,45.0
788.196,0.09728,2278.59,0.02912,0.02912,46419.07,25.0,45.0
790.056,0.09744,2279.74,0.02922,0.02922,46442.51,25.0,45.0
791.895,0.09759,2280.24,0.02932,0.02932,46452.66,25.0,45.0
793.776,0.09774,2279.78,0.02942,0.02942,46443.26,25.0,45.0
795.59,0.0979,2280.54,0.02952,0.02952,46458.76,25.0,45.0
797.557,0.09806,2280.53,0.02962,0.02962,46458.58,25.0,45.0
799.348,0.09821,2281.66,0.02972,0.02972,46481.7,25.0,45.0
801.19,0.09836,2281.21,0.02982,0.02982,46472.49,25.0,45.0
802.965,0.09851,2282.21,0.02992,0.02992,46492.72,25.0,45.0
804.842,0.09867,2281.88,0.03002,0.03002,46486.01,25.0,45.0
806.655,0.09882,2282.49,0.03012,0.03012,46498.45,25.0,45.0
808.507,0.09897,2282.35,0.03022,0.03022,46495.57,25.0,45.0
810.259,0.09912,2283.72,0.03032,0.03032,46523.63,25.0,45.0
812.141,0.09928,2283.28,0.03042,0.03042,46514.58,25.0,45.0
813.978,0.09943,2283.62,0.03052,0.03052,46521.59,25.0,45.0
815.761,0.09958,2284.02,0.03062,0.03062,46529.6,25.0,45.0
817.549,0.09973,2284.9,0.03072,0.03072,46547.54,25.0,45.0
819.371,0.09988,2285.08,0.03082,0.03082,46551.35,25.0,45.0
821.17,0.10003,2284.8,0.03092,0.03092,46545.57,25.0,45.0
823.027,0.10018,2285.4,0.03102,0.03102,46557.69,25.0,45.0
824.845,0.10033,2285.25,0.03112,0.03112,46554.64,25.0,45.0
826.721,0.10049,2286.35,0.03122,0.03122,46577.09,25.0,45.0
828.548,0.10064,2286.09,0.03132,0.03132,46571.91,25.0,45.0
830.494,0.1008,2286.51,0.03142,0.03142,46580.41,25.0,45.0
832.266,0.10095,2287.2,0.03152,0.03152,46594.53,25.0,45.0
834.167,0.10111,2287.94,0.03162,0.03162,46609.59,25.0,45.0
836.093,0.10127,2287.62,0.03172,0.03172,46603.04,25.0,45.0
837.955,0.10143,2287.7,0.03182,0.03182,46604.59,25.0,45.0
839.923,0.10159,2288.21,0.03192,0.03192,46615.0,25.0,45.0
841.813,0.10175,2289.1,0.03202,0.03202,46633.15,25.0,45.0
843.735,0.10191,2288.96,0.03212,0.03212,46630.28,25.0,45.0
845.658,0.10207,2289.23,0.03222,0.03222,46635.72,25.0,45.0
847.539,0.10223,2289.76,0.03232,0.03232,46646.57,25.0,45.0
849.474,0.10239,2289.61,0.03242,0.03242,46643.49,25.0,45.0
851.319,0.10254,2290.35,0.03252,0.03252,46658.66,25.0,45.0
853.151,0.10269,2290.75,0.03262,0.03262,46666.83,25.0,45.0
855.002,0.10285,2291.59,0.03272,0.03272,46683.84,25.0,45.0
856.829,0.103,2291.71,0.03282,0.03282,46686.24,25.0,45.0
858.737,0.10316,2291.44,0.03292,0.03292,46680.74,25.0,45.0
860.586,0.10331,2292.01,0.03302,0.03302,46692.48,25.0,45.0
862.516,0.10347,2291.91,0.03312,0.03312,46690.33,25.0,45.0
864.392,0.10363,2292.63,0.03322,0.03322,46705.17,25.0,45.0
866.265,0.10379,2293.32,0.03332,0.03332,46719.13,25.0,45.0
868.017,0.10393,2292.89,0.03342,0.03342,46710.34,25.0,45.0
869.872,0.10409,2293.45,0.03352,0.03352,46721.68,25.0,45.0
871.684,0.10424,2293.56,0.03362,0.03362,46724.1,25.0,45.0
873.596,0.1044,2293.94,0.03372,0.03372,46731.71,25.0,45.0
875.369,0.10455,2294.46,0.03382,0.03382,46742.26,25.0,45.0
877.217,0.1047,2294.43,0.03392,0.03392,46741.66,25.0,45.0
879.13,0.10486,2295.33,0.03402,0.03402,46760.16,25.0,45.0
881.029,0.10502,2295.08,0.03412,0.03412,46754.95,25.0,45.0
882.833,0.10517,2295.76,0.03422,0.03422,46768.82,25.0,45.0
884.695,0.10532,2296.18,0.03432,0.03432,46777.39,25.0,45.0
886.504,0.10547,2295.68,0.03442,0.03442,46767.26,25.0,45.0
888.315,0.10562,2296.42,0.03452,0.03452,46782.24,25.0,45.0
890.142,0.10577,2297.02,0.03462,0.03462,46794.56,25.0,45.0
891.969,0.10593,2296.98,0.03472,0.03472,46793.63,25.0,45.0
893.778,0.10608,2297.13,0.03482,0.03482,46796.78,25.0,45.0
895.651,0.10624,2297.6,0.03492,0.03492,46806.23,25.0,45.0
897.424,0.10638,2297.2,0.03502,0.03502,46798.21,25.0,45.0
899.258,0.10654,2298.52,0.03512,0.03512,46824.99,25.0,45.0
901.123,0.10669,2298.78,0.03522,0.03522,46830.28,25.0,45.0
902.925,0.10684,2298.36,0.03532,0.03532,46821.76,25.0,45.0
904.783,0.107,2299.27,0.03542,0.03542,46840.4,25.0,45.0
906.655,0.10715,2299.46,0.03552,0.03552,46844.19,25.0,45.0
908.538,0.10731,2299.38,0.03562,0.03562,46842.61,25.0,45.0
910.416,0.10746,2299.15,0.03572,0.03572,46837.83,25.0,45.0
912.258,0.10762,2299.59,0.03582,0.03582,46846.92,25.0,45.0
914.113,0.10777,2299.7,0.03592,0.03592,46849.12,25.0,45.0
915.957,0.10793,2300.27,0.03602,0.03602,46860.69,25.0,45.0
917.771,0.10808,2300.87,0.03612,0.03612,46872.95,25.0,45.0
919.577,0.10823,2301.31,0.03622,0.03622,46881.88,25.0,45.0
921.385,0.10838,2301.11,0.03632,0.03632,46877.85,25.0,45.0
923.245,0.10853,2301.7,0.03642,0.03642,46889.95,25.0,45.0
925.019,0.10868,2301.5,0.03652,0.03652,46885.8,25.0,45.0
926.85,0.10883,2301.83,0.03662,0.03662,46892.49,25.0,45.0
928.716,0.10899,2301.92,0.03672,0.03672,46894.26,25.0,45.0
930.599,0.10915,2302.69,0.03682,0.03682,46909.92,25.0,45.0
932.371,0.1093,2302.28,0.03692,0.03692,46901.64,25.0,45.0
934.216,0.10945,2302.4,0.03702,0.03702,46904.07,25.0,45.0
936.008,0.1096,2303.59,0.03712,0.03712,46928.31,25.0,45.0
937.844,0.10975,2303.5,0.03722,0.03722,46926.53,25.0,45.0
939.593,0.1099,2304.15,0.03732,0.03732,46939.77,25.0,45.0
941.438,0.11005,2304.22,0.03742,0.03742,46941.19,25.0,45.0
943.282,0.1102,2304.23,0.03752,0.03752,46941.45,25.0,45.0
945.165,0.11036,2304.63,0.03762,0.03762,46949.47,25.0,45.0
946.998,0.11051,2304.75,0.03772,0.03772,46951.9,25.0,45.0
948.873,0.11067,2305.23,0.03782,0.03782,46961.74,25.0,45.0
950.711,0.11082,2305.16,0.03792,0.03792,46960.32,25.0,45.0
952.542,0.11098,2304.97,0.03802,0.03802,46956.39,25.0,45.0
954.309,0.11112,2305.72,0.03812,0.03812,46971.65,25.0,45.0
956.136,0.11128,2306.03,0.03822,0.03822,46978.11,25.0,45.0
957.978,0.11143,2305.89,0.03832,0.03832,46975.13,25.0,45.0
959.806,0.11158,2306.33,0.03842,0.03842,46984.13,25.0,45.0
961.602,0.11173,2306.01,0.03852,0.03852,46977.61,25.0,45.0
963.451,0.11188,2306.5,0.03862,0.03862,46987.73,25.0,45.0
965.227,0.11203,2307.15,0.03872,0.03872,47000.78,25.0,45.0
967.077,0.11219,2306.87,0.03882,0.03882,46995.2,25.0,45.0
968.937,0.11234,2306.97,0.03892,0.03892,46997.2,25.0,45.0
970.716,0.11249,2307.54,0.03902,0.03902,47008.79,25.0,45.0
972.557,0.11264,2307.83,0.03912,0.03912,47014.81,25.0,45.0
974.32,0.11279,2308.01,0.03922,0.03922,47018.32,25.0,45.0
976.173,0.11295,2308.5,0.03932,0.03932,47028.4,25.0,45.0
978.067,0.1131,2307.8,0.03942,0.03942,47014.17,25.0,45.0
979.931,0.11326,2308.29,0.03952,0.03952,47024.12,25.0,45.0
981.711,0.11341,2309.0,0.03962,0.03962,47038.64,25.0,45.0
983.578,0.11356,2309.32,0.03972,0.03972,47045.03,25.0,45.0
985.331,0.11371,2309.76,0.03982,0.03982,47054.1,25.0,45.0
987.185,0.11386,2309.67,0.03992,0.03992,47052.17,25.0,45.0
988.97,0.11401,2309.32,0.04002,0.04002,47045.12,25.0,45.0
990.853,0.11417,2309.99,0.04012,0.04012,47058.74,25.0,45.0
992.633,0.11432,2309.57,0.04022,0.04022,47050.2,25.0,45.0
994.548,0.11447,2310.27,0.04032,0.04032,47064.53,25.0,45.0
996.316,0.11462,2310.1,0.04042,0.04042,47060.88,25.0,45.0
998.12,0.11477,2310.9,0.04052,0.04052,47077.25,25.0,45.0
999.892,0.11492,2310.29,0.04062,0.04062,47064.86,25.0,45.0
1001.71,0.11507,2310.66,0.04072,0.04072,47072.47,25.0,45.0
1003.53,0.11522,2311.19,0.04082,0.04082,47083.15,25.0,45.0
1005.28,0.11537,2311.15,0.04092,0.04092,47082.33,25.0,45.0
1007.09,0.11552,2311.09,0.04102,0.04102,47081.08,25.0,45.0
1008.98,0.11568,2311.54,0.04112,0.04112,47090.4,25.0,45.0
1010.81,0.11583,2311.54,0.04122,0.04122,47090.24,25.0,45.0
1012.69,0.11599,2312.45,0.04132,0.04132,47108.8,25.0,45.0
1014.48,0.11614,2311.65,0.04142,0.04142,47092.64,25.0,45.0
1016.31,0.11629,2311.98,0.04152,0.04152,47099.24,25.0,45.0
1018.11,0.11644,2312.93,0.04162,0.04162,47118.59,25.0,45.0
1019.98,0.1166,2312.51,0.04172,0.04172,47110.04,25.0,45.0
1021.78,0.11675,2313.4,0.04182,0.04182,47128.17,25.0,45.0
1023.65,0.1169,2312.79,0.04192,0.04192,47115.82,25.0,45.0
1025.45,0.11705,2313.59,0.04203,0.04203,47132.07,25.0,45.0
1027.37,0.11721,2313.32,0.04213,0.04213,47126.64,25.0,45.0
1029.25,0.11737,2313.91,0.04223,0.04223,47138.52,25.0,45.0
1031.23,0.11753,2314.12,0.04233,0.04233,47142.95,25.0,45.0
1033.02,0.11768,2314.38,0.04243,0.04243,47148.13,25.0,45.0
1034.88,0.11784,2314.31,0.04253,0.04253,47146.74,25.0,45.0
1036.8,0.118,2314.75,0.04263,0.04263,47155.76,25.0,45.0
1038.62,0.11815,2314.41,0.04273,0.04273,47148.83,25.0,45.0
1040.56,0.11831,2314.54,0.04283,0.04283,47151.42,25.0,45.0
1042.46,0.11847,2314.6,0.04293,0.04293,47152.59,25.0,45.0
1044.39,0.11863,2315.36,0.04303,0.04303,47168.04,25.0,45.0
1046.14,0.11878,2315.03,0.04313,0.04313,47161.35,25.0,45.0
1048.03,0.11893,2315.21,0.04323,0.04323,47164.99,25.0,45.0
1049.85,0.11909,2315.24,0.04333,0.04333,47165.7,25.0,45.0
1051.72,0.11924,2315.66,0.04343,0.04343,47174.31,25.0,45.0
1053.5,0.11939,2315.54,0.04353,0.04353,47171.76,25.0,45.0
1055.34,0.11954,2315.77,0.04363,0.04363,47176.47,25.0,45.0
1057.16,0.11969,2316.05,0.04373,0.04373,47182.12,25.0,45.0
1059.03,0.11985,2316.61,0.04383,0.04383,47193.63,25.0,45.0
1060.92,0.12001,2316.3,0.04393,0.04393,47187.28,25.0,45.0
1062.76,0.12016,2316.18,0.04403,0.04403,47184.93,25.0,45.0
1064.57,0.12031,2316.37,0.04413,0.04413,47188.79,25.0,45.0
1066.43,0.12047,2317.11,0.04423,0.04423,47203.76,25.0,45.0
1068.22,0.12061,2316.68,0.04433,0.04433,47195.1,25.0,45.0
1070.1,0.12077,2317.66,0.04443,0.04443,47214.93,25.0,45.0
1071.94,0.12092,2317.3,0.04453,0.04453,47207.64,25.0,45.0
1073.75,0.12108,2317.84,0.04463,0.04463,47218.65,25.0,45.0
1075.58,0.12123,2317.78,0.04473,0.04473,47217.47,25.0,45.0
1077.51,0.12139,2318.03,0.04483,0.04483,47222.5,25.0,45.0
1079.35,0.12154,2318.13,0.04493,0.04493,47224.6,25.0,45.0
1081.15,0.12169,2318.27,0.04503,0.04503,47227.32,25.0,45.0
1082.95,0.12184,2317.56,0.04513,0.04513,47213.02,25.0,45.0
1084.79,0.122,2317.96,0.04523,0.04523,47221.12,25.0,45.0
1086.61,0.12215,2317.92,0.04533,0.04533,47220.18,25.0,45.0
1088.51,0.12231,2318.31,0.04543,0.04543,47228.3,25.0,45.0
1090.28,0.12245,2318.8,0.04553,0.04553,47238.15,25.0,45.0
1092.16,0.12261,2318.6,0.04563,0.04563,47234.18,25.0,45.0
1093.95,0.12276,2319.2,0.04573,0.04573,47246.41,25.0,45.0
1095.8,0.12291,2319.07,0.04583,0.04583,47243.79,25.0,45.0
1097.63,0.12307,2319.3,0.04593,0.04593,47248.46,25.0,45.0
1099.48,0.12322,2319.55,0.04603,0.04603,47253.5,25.0,45.0
1101.36,0.12338,2319.24,0.04613,0.04613,47247.26,25.0,45.0
1103.16,0.12353,2319.66,0.04623,0.04623,47255.69,25.0,45.0
1105.03,0.12368,2320.1,0.04633,0.04633,47264.77,25.0,45.0
1106.89,0.12384,2319.98,0.04643,0.04643,47262.23,25.0,45.0
1108.8,0.124,2319.54,0.04653,0.04653,47253.34,25.0,45.0
1110.66,0.12415,2320.11,0.04663,0.04663,47264.98,25.0,45.0
1112.52,0.12431,2320.46,0.04673,0.04673,47271.99,25.0,45.0
1114.33,0.12446,2319.98,0.04683,0.04683,47262.31,25.0,45.0
1116.25,0.12462,2320.03,0.04693,0.04693,47263.31,25.0,45.0
1118.05,0.12477,2320.63,0.04703,0.04703,47275.4,25.0,45.0
1119.96,0.12493,2319.86,0.04713,0.04713,47259.77,25.0,45.0
1121.83,0.12508,2320.4,0.04723,0.04723,47270.84,25.0,45.0
1123.79,0.12525,2320.18,0.04733,0.04733,47266.24,25.0,45.0
1125.64,0.1254,2320.44,0.04743,0.04743,47271.56,25.0,45.0
1127.58,0.12556,2321.15,0.04753,0.04753,47286.09,25.0,45.0
1129.4,0.12571,2321.25,0.04763,0.04763,47288.04,25.0,45.0
1131.31,0.12587,2320.45,0.04773,0.04773,47271.83,25.0,45.0
1133.13,0.12602,2321.66,0.04783,0.04783,47296.52,25.0,45.0
1135.0,0.12618,2321.47,0.04793,0.04793,47292.68,25.0,45.0
1136.87,0.12634,2320.96,0.04803,0.04803,47282.25,25.0,45.0
1138.76,0.12649,2321.5,0.04813,0.04813,47293.11,25.0,45.0
1140.64,0.12665,2321.82,0.04823,0.04823,47299.69,25.0,45.0
1142.55,0.12681,2321.32,0.04833,0.04833,47289.46,25.0,45.0
1144.48,0.12697,2322.03,0.04843,0.04843,47304.0,25.0,45.0
1146.42,0.12713,2321.57,0.04853,0.04853,47294.66,25.0,45.0
1148.26,0.12729,2321.66,0.04863,0.04863,47296.41,25.0,45.0
1150.14,0.12744,2321.73,0.04873,0.04873,47297.86,25.0,45.0
1151.96,0.12759,2322.16,0.04883,0.04883,47306.68,25.0,45.0
1153.87,0.12775,2321.8,0.04893,0.04893,47299.37,25.0,45.0
1155.67,0.1279,2322.34,0.04903,0.04903,47310.42,25.0,45.0
1157.52,0.12806,2322.67,0.04913,0.04913,47317.03,25.0,45.0
1159.36,0.12821,2322.47,0.04923,0.04923,47313.07,25.0,45.0
1161.24,0.12837,2322.89,0.04933,0.04933,47321.59,25.0,45.0
1163.11,0.12852,2322.95,0.04943,0.04943,47322.73,25.0,45.0
1164.96,0.12868,2322.77,0.04953,0.04953,47319.19,25.0,45.0
1166.93,0.12884,2322.48,0.04963,0.04963,47313.12,25.0,45.0
1168.78,0.129,2322.39,0.04973,0.04973,47311.44,25.0,45.0
1170.58,0.12915,2323.12,0.04983,0.04983,47326.15,25.0,45.0
1172.42,0.1293,2323.28,0.04993,0.04993,47329.54,25.0,45.0
1174.28,0.12945,2323.09,0.05003,0.05003,47325.64,25.0,45.0
1176.1,0.1296,2323.22,0.05013,0.05013,47328.21,25.0,45.0
1177.99,0.12976,2323.37,0.05023,0.05023,47331.25,25.0,45.0
1179.78,0.12991,2322.75,0.05033,0.05033,47318.59,25.0,45.0
1181.57,0.13006,2323.16,0.05043,0.05043,47326.99,25.0,45.0
1183.31,0.13021,2323.07,0.05053,0.05053,47325.12,25.0,45.0
1185.09,0.13035,2323.15,0.05063,0.05063,47326.92,25.0,45.0
1186.82,0.1305,2323.12,0.05073,0.05073,47326.13,25.0,45.0
1188.67,0.13065,2322.9,0.05083,0.05083,47321.71,25.0,45.0
1190.44,0.1308,2323.28,0.05093,0.05093,47329.38,25.0,45.0
1192.34,0.13096,2323.58,0.05103,0.05103,47335.51,25.0,45.0
1194.06,0.1311,2323.74,0.05113,0.05113,47338.91,25.0,45.0
1195.86,0.13125,2322.97,0.05123,0.05123,47323.22,25.0,45.0
1197.58,0.13139,2323.17,0.05133,0.05133,47327.14,25.0,45.0
1199.37,0.13154,2323.48,0.05143,0.05143,47333.65,25.0,45.0
1201.11,0.13169,2323.65,0.05153,0.05153,47337.08,25.0,45.0
1202.88,0.13184,2323.84,0.05163,0.05163,47340.92,25.0,45.0
1204.74,0.13199,2323.26,0.05173,0.05173,47329.15,25.0,45.0
1206.56,0.13214,2324.25,0.05183,0.05183,47349.2,25.0,45.0
1208.4,0.1323,2323.72,0.05193,0.05193,47338.38,25.0,45.0
1210.22,0.13245,2323.53,0.05203,0.05203,47334.51,25.0,45.0
1211.92,0.13259,2323.58,0.05213,0.05213,47335.54,25.0,45.0
1213.67,0.13274,2323.48,0.05223,0.05223,47333.5,25.0,45.0
1215.43,0.13288,2323.75,0.05233,0.05233,47339.07,25.0,45.0
1217.25,0.13303,2323.5,0.05243,0.05243,47333.95,25.0,45.0
1219.0,0.13318,2323.58,0.05253,0.05253,47335.57,25.0,45.0
1220.89,0.13334,2323.44,0.05263,0.05263,47332.76,25.0,45.0
1222.64,0.13348,2323.55,0.05273,0.05273,47334.93,25.0,45.0
1224.53,0.13364,2323.44,0.05283,0.05283,47332.73,25.0,45.0
1226.3,0.13379,2324.05,0.05293,0.05293,47345.14,25.0,45.0
1228.09,0.13394,2323.97,0.05303,0.05303,47343.61,25.0,45.0
1229.91,0.13409,2323.83,0.05313,0.05313,47340.62,25.0,45.0
1231.66,0.13424,2323.74,0.05323,0.05323,47338.83,25.0,45.0
1233.42,0.13438,2323.92,0.05333,0.05333,47342.53,25.0,45.0
1235.1,0.13452,2324.49,0.05343,0.05343,47354.22,25.0,45.0
1236.91,0.13467,2323.63,0.05353,0.05353,47336.53,25.0,45.0
1238.63,0.13482,2324.49,0.05363,0.05363,47354.09,25.0,45.0
1240.46,0.13497,2323.99,0.05373,0.05373,47343.97,25.0,45.0
1242.2,0.13511,2323.97,0.05383,0.05383,47343.57,25.0,45.0
1243.99,0.13526,2324.55,0.05393,0.05393,47355.31,25.0,45.0
1245.71,0.13541,2324.3,0.05403,0.05403,47350.21,25.0,45.0
1247.48,0.13555,2324.4,0.05413,0.05413,47352.23,25.0,45.0
1249.25,0.1357,2324.58,0.05423,0.05423,47355.96,25.0,45.0
1251.04,0.13585,2323.75,0.05433,0.05433,47339.09,25.0,45.0
1252.77,0.13599,2323.75,0.05443,0.05443,47339.0,25.0,45.0
1254.57,0.13614,2324.08,0.05453,0.05453,47345.73,25.0,45.0
1256.4,0.1363,2323.89,0.05463,0.05463,47341.9,25.0,45.0
1258.2,0.13645,2324.58,0.05473,0.05473,47355.86,25.0,45.0
1259.91,0.13659,2324.07,0.05483,0.05483,47345.59,25.0,45.0
1261.72,0.13674,2323.78,0.05493,0.05493,47339.74,25.0,45.0
1263.42,0.13688,2324.64,0.05503,0.05503,47357.15,25.0,45.0
