Time(s),Strain(%),Stress(MPa),Temp(C),SR(%/s)
0.0,5.456e-05,0.8279370720846853,1150.0,1.0
4.015e-06,5.8575e-05,0.4317668478633911,1150.0,1.0
8.03e-06,6.259e-05,0.36062719390530273,1150.0,1.0
1.2044999999999999e-05,6.660499999999999e-05,0.6018635717842691,1150.0,1.0
1.606e-05,7.062e-05,1.1428214430741388,1150.0,1.0
5.626e-05,0.00011082,1.97084626934876,1150.0,1.0
9.646000000000001e-05,0.00015102,3.0732835121819835,1150.0,1.0
0.00013666,0.00019122,4.437478633147656,1150.0,1.0
0.00017686,0.00023142,6.050777093819628,1150.0,1.0
0.000281475,0.000336035,7.900524355771748,1150.0,1.0
0.00038608999999999996,0.00044065,11.093056311893982,1150.0,1.0
0.0004907049999999999,0.0005452650000000001,13.597342226181867,1150.0,1.0
0.00059532,0.00064988,16.34423089721218,1150.0,1.0
0.000716055,0.0007706150000000001,19.248753243128867,1150.0,1.0
0.00083679,0.0008913500000000001,22.219709689840993,1150.0,1.0
0.0009575250000000001,0.001012085,25.319296199414865,1150.0,1.0
0.0010782600000000002,0.00113282,28.443227622323974,1150.0,1.0
0.0012272250000000002,0.0012817850000000001,31.48906600993194,1150.0,1.0
0.0013761900000000002,0.0014307500000000002,34.35622061449255,1150.0,1.0
0.0015251550000000003,0.0015797150000000002,37.06386381874635,1150.0,1.0
0.00167412,0.00172868,39.549740966670605,1150.0,1.0
0.001971035,0.002025595,41.75852516296228,1150.0,1.0
0.00226795,0.00232251,43.64181727303804,1150.0,1.0
0.002564865,0.002619425,45.24748029361949,1150.0,1.0
0.00286178,0.00291634,46.57834811048314,1150.0,1.0
0.0032169175000000003,0.0032714775,47.64775033078807,1150.0,1.0
0.003572055,0.003626615,48.47951228307592,1150.0,1.0
0.0039271925,0.0039817525000000005,49.11480638282688,1150.0,1.0
0.00428233,0.00433689,49.601780172834474,1150.0,1.0
0.004597505,0.004652065,49.99933883544715,1150.0,1.0
0.00491268,0.00496724,50.37714519256837,1150.0,1.0
0.005227855,0.005282415,50.685900706497364,1150.0,1.0
0.00554303,0.00559759,50.95978338142918,1150.0,1.0
0.0058572875,0.0059118475,51.238616792894156,1150.0,1.0
0.006171545,0.006226105,51.56787008775779,1150.0,1.0
0.0064858024999999995,0.0065403625,51.88710607792825,1150.0,1.0
0.006800059999999999,0.00685462,52.20290718973129,1150.0,1.0
0.007124147499999999,0.007178707499999999,52.52313460392448,1150.0,1.0
0.007448234999999999,0.007502795,52.85692825569721,1150.0,1.0
0.0077723225,0.0078268825,53.18751566566787,1150.0,1.0
0.00809641,0.00815097,53.51509624200879,1150.0,1.0
0.008422285,0.008476845,53.8400652104018,1150.0,1.0
0.00874816,0.00880272,54.163013614038164,1150.0,1.0
0.009074035,0.009128595,54.48268943195577,1150.0,1.0
0.00939991,0.00945447,54.79885459603912,1150.0,1.0
0.009693702499999998,0.0097482625,55.11139470878817,1150.0,1.0
0.009987494999999999,0.010042055,55.42031904331848,1150.0,1.0
0.0102812875,0.010335847499999998,55.72945361169916,1150.0,1.0
0.010575079999999999,0.01062964,56.03746456307795,1150.0,1.0
0.0108881825,0.0109427425,56.34336839908364,1150.0,1.0
0.011201284999999998,0.011255845,56.64653197382605,1150.0,1.0
0.011514387499999999,0.0115689475,56.944797034763546,1150.0,1.0
0.01182749,0.01188205,57.23834131570296,1150.0,1.0
0.01213013,0.01218469,57.52759540058363,1150.0,1.0
0.01243277,0.01248733,57.81324272347756,1150.0,1.0
0.012735409999999999,0.01278997,58.09483016306371,1150.0,1.0
0.013038049999999999,0.01309261,58.3715910157531,1150.0,1.0
0.013347877499999999,0.0134024375,58.64299064593963,1150.0,1.0
0.013657705,0.013712265,58.90872648600024,1150.0,1.0
0.0139675325,0.0140220925,59.17084518358357,1150.0,1.0
0.01427736,0.01433192,59.4287990407351,1150.0,1.0
0.0145888975,0.014643457499999998,59.682397264879036,1150.0,1.0
0.014900435,0.014954994999999999,59.93180596881842,1150.0,1.0
0.0152119725,0.015266532499999999,60.17633715227013,1150.0,1.0
0.015523509999999999,0.01557807,60.41703034548982,1150.0,1.0
0.015840919999999998,0.01589548,60.65521679109115,1150.0,1.0
0.01615833,0.01621289,60.89251944404569,1150.0,1.0
0.01647574,0.016530299999999998,61.127827297635676,1150.0,1.0
0.01679315,0.01684771,61.35984140770386,1150.0,1.0
0.0171054975,0.0171600575,61.58749024890935,1150.0,1.0
0.017417845,0.017472405,61.80992971472754,1150.0,1.0
0.017730192500000002,0.0177847525,62.0279247146177,1150.0,1.0
0.018042540000000003,0.0180971,62.241803829148,1150.0,1.0
0.018363465000000002,0.018418025,62.45217470782604,1150.0,1.0
0.018684390000000002,0.01873895,62.65992406909875,1150.0,1.0
0.019005315000000002,0.019059875,62.86415174488282,1150.0,1.0
0.01932624,0.0193808,63.06528261506468,1150.0,1.0
0.0196503175,0.019704877500000002,63.263942044265434,1150.0,1.0
0.019974395,0.020028955,63.46095588184119,1150.0,1.0
0.020298472499999998,0.0203530325,63.65581522213383,1150.0,1.0
0.02062255,0.02067711,63.847954995095925,1150.0,1.0
0.0209360975,0.0209906575,64.03697832777299,1150.0,1.0
0.021249645,0.021304205,64.22265654430326,1150.0,1.0
0.0215631925,0.0216177525,64.40561729483164,1150.0,1.0
0.021876740000000002,0.0219313,64.58669810763466,1150.0,1.0
0.0221865475,0.022241107500000003,64.76692103252292,1150.0,1.0
0.022496355000000003,0.022550915,64.94749264084108,1150.0,1.0
0.022806162500000005,0.0228607225,65.12786383165832,1150.0,1.0
0.023115970000000003,0.02317053,65.30713044589321,1150.0,1.0
0.023433050000000004,0.023487610000000003,65.48453747695476,1150.0,1.0
0.02375013,0.023804690000000003,65.65947907074263,1150.0,1.0
0.024067210000000002,0.02412177,65.82989560596707,1150.0,1.0
0.024384290000000003,0.02443885,65.99661615439888,1150.0,1.0
0.024693510000000002,0.024748070000000004,66.16050928221235,1150.0,1.0
0.02500273,0.025057290000000003,66.32248304998508,1150.0,1.0
0.02531195,0.025366510000000002,66.48460189333359,1150.0,1.0
0.025621170000000002,0.02567573,66.64699457278817,1150.0,1.0
0.025933532500000002,0.0259880925,66.80990742535637,1150.0,1.0
0.026245895,0.026300455,66.97370436452303,1150.0,1.0
0.0265582575,0.0266128175,67.13734301645576,1150.0,1.0
0.02687062,0.02692518,67.30045954712998,1150.0,1.0
0.027197152500000002,0.0272517125,67.46275505184869,1150.0,1.0
0.027523685,0.027578245,67.62399555524263,1150.0,1.0
0.0278502175,0.0279047775,67.78437313143864,1150.0,1.0
0.02817675,0.02823131,67.94428331680989,1150.0,1.0
0.0284871475,0.0285417075,68.10419219794719,1150.0,1.0
0.028797545,0.028852105,68.26463641165934,1150.0,1.0
0.0291079425,0.0291625025,68.42464565092261,1150.0,1.0
0.02941834,0.0294729,68.58311996075592,1150.0,1.0
0.029744335,0.029798895,68.7389951561972,1150.0,1.0
0.03007033,0.03012489,68.89124282230327,1150.0,1.0
0.030396325000000002,0.030450885,69.041847849236,1150.0,1.0
0.03072232,0.03077688,69.19113380713752,1150.0,1.0
0.03103628,0.031090839999999998,69.3395780822578,1150.0,1.0
0.03135024,0.0314048,69.48781187695481,1150.0,1.0
0.0316642,0.03171876,69.63450754298609,1150.0,1.0
0.03197816,0.03203272,69.77962441200887,1150.0,1.0
0.032268965,0.032323525,69.92319366637157,1150.0,1.0
0.03255977,0.03261433,70.06531833911396,1150.0,1.0
0.032850575,0.032905135,70.20513855909783,1150.0,1.0
0.03314138,0.03319594,70.34301308125697,1150.0,1.0
0.033481057499999994,0.0335356175,70.47931742206858,1150.0,1.0
0.033820735,0.033875295,70.61444385955345,1150.0,1.0
0.0341604125,0.034214972499999996,70.7505635873925,1150.0,1.0
0.03450009,0.03455465,70.88763244030167,1150.0,1.0
0.034823585,0.034878145,71.02572388006121,1150.0,1.0
0.03514708,0.03520164,71.16502899551573,1150.0,1.0
0.035470575,0.035525135,71.30388486888783,1150.0,1.0
0.03579407,0.03584863,71.44207219115296,1150.0,1.0
0.036104054999999996,0.036158615000000005,71.57940600723532,1150.0,1.0
0.036414039999999995,0.036468600000000004,71.71573571600806,1150.0,1.0
0.036724024999999993,0.036778585,71.85107078697773,1150.0,1.0
0.03703401,0.03708857,71.98523200165954,1150.0,1.0
0.03735692,0.03741148,72.1180833025535,1150.0,1.0
0.03767983,0.03773439,72.24953179314439,1150.0,1.0
0.03800273999999999,0.0380573,72.38039842600516,1150.0,1.0
0.038325649999999996,0.03838021,72.51006366692178,1150.0,1.0
0.0386433925,0.0386979525,72.6380105955912,1150.0,1.0
0.038961134999999994,0.039015695,72.76382490562143,1150.0,1.0
0.039278877499999997,0.0393334375,72.88816408329852,1150.0,1.0
0.03959662,0.03965118,73.01117812283641,1150.0,1.0
0.03992036,0.03997492,73.13315951328813,1150.0,1.0
0.0402441,0.04029866,73.25454323854575,1150.0,1.0
0.040567839999999994,0.0406224,73.37290558003824,1150.0,1.0
0.04089158,0.04094614,73.48868787935638,1150.0,1.0
0.041197575,0.041252134999999995,73.60232943346993,1150.0,1.0
0.04150357,0.04155813,73.71426749472755,1150.0,1.0
0.04180956499999999,0.041864125,73.82628528654104,1150.0,1.0
0.042115559999999996,0.04217012,73.93837288926078,1150.0,1.0
0.042431705,0.042486264999999995,74.05059760917464,1150.0,1.0
0.04274785,0.04280241,74.16310397850796,1150.0,1.0
0.043063994999999994,0.043118555,74.27504291167749,1150.0,1.0
0.04338014,0.0434347,74.38709197979111,1150.0,1.0
0.04369671,0.043751269999999995,74.49994233659888,1150.0,1.0
0.04401328,0.04406784,74.6142987184928,1150.0,1.0
0.044329850000000004,0.04438441,74.73078927527499,1150.0,1.0
0.04464642,0.04470098,74.84855937753248,1150.0,1.0
0.0449549625,0.0450095225,74.9668034884093,1150.0,1.0
0.045263504999999996,0.045318065000000005,75.08476516360628,1150.0,1.0
0.0455720475,0.0456266075,75.19977297050688,1150.0,1.0
0.04588059,0.04593515,75.31222095730234,1150.0,1.0
0.04620637,0.046260930000000006,75.42242649531845,1150.0,1.0
0.046532149999999994,0.04658671,75.53063027901534,1150.0,1.0
0.04685792999999999,0.04691249,75.64062582194707,1150.0,1.0
0.04718371,0.04723827,75.75206244638645,1150.0,1.0
0.047501462499999994,0.0475560225,75.86470716668951,1150.0,1.0
0.047819215,0.047873775,75.9784446892956,1150.0,1.0
0.0481369675,0.0481915275,76.09092066976815,1150.0,1.0
0.04845472,0.04850928,76.20193967716966,1150.0,1.0
0.0487616175,0.0488161775,76.31131291293954,1150.0,1.0
0.049068515,0.049123075,76.41885821089411,1150.0,1.0
0.0493754125,0.0494299725,76.52736007371325,1150.0,1.0
0.04968231,0.04973687,76.63630431919053,1150.0,1.0
0.049993835,0.050048395,76.74534161350023,1150.0,1.0
0.05030536,0.05035992,76.85428747119721,1150.0,1.0
0.050616885,0.050671445,76.96068031148226,1150.0,1.0
0.05092841,0.05098297,77.06354313120205,1150.0,1.0
0.051240297500000004,0.0512948575,77.16196878384137,1150.0,1.0
0.051552185,0.051606745,77.25511997952323,1150.0,1.0
0.0518640725,0.051918632500000006,77.34360656870227,1150.0,1.0
0.05217596,0.05223052,77.4290729821644,1150.0,1.0
0.0524783625,0.0525329225,77.51324392551575,1150.0,1.0
0.052780765,0.052835325,77.59792437918254,1150.0,1.0
0.0530831675,0.0531377275,77.68183481980194,1150.0,1.0
0.05338557,0.05344013,77.76546866534747,1150.0,1.0
0.0536982275,0.0537527875,77.84927694585697,1150.0,1.0
0.054010884999999995,0.054065445000000004,77.93366830343275,1150.0,1.0
0.054323542499999995,0.0543781025,78.02053805148005,1150.0,1.0
0.054636199999999996,0.05469076,78.11048325520726,1150.0,1.0
0.054949244999999994,0.055003805,78.20412891813707,1150.0,1.0
0.05526228999999999,0.05531685,78.30212798210657,1150.0,1.0
0.05557533499999999,0.055629895,78.4034726166026,1150.0,1.0
0.055888379999999994,0.05594294,78.50716591401154,1150.0,1.0
0.056196159999999995,0.05625072,78.61219669050762,1150.0,1.0
0.056503939999999996,0.0565585,78.71753948605291,1150.0,1.0
0.056811719999999996,0.05686628,78.82085133965225,1150.0,1.0
0.0571195,0.05717406,78.92174479947802,1150.0,1.0
0.0574191225,0.0574736825,79.01973548571955,1150.0,1.0
0.057718745,0.057773305,79.11424209058336,1150.0,1.0
0.0580183675,0.058072927499999996,79.20850634872743,1150.0,1.0
0.05831799,0.05837255,79.30232975863663,1150.0,1.0
0.05862367,0.05867823,79.39560030693985,1150.0,1.0
0.05892935,0.05898391,79.4882924684097,1150.0,1.0
0.059235029999999994,0.05928959,79.57929796785675,1150.0,1.0
0.05954071,0.05959527,79.66929309762959,1150.0,1.0
0.0598439125,0.059898472499999994,79.75896823121298,1150.0,1.0
0.060147115,0.060201674999999996,79.84902782322814,1150.0,1.0
0.0604503175,0.0605048775,79.9410651755889,1150.0,1.0
0.06075352,0.06080808,80.03465077362664,1150.0,1.0
0.061074199999999995,0.061128760000000004,80.12944271067485,1150.0,1.0
0.06139488,0.06144944,80.22518668806885,1150.0,1.0
0.06171556,0.06177012,80.31975979326296,1150.0,1.0
0.06203624,0.0620908,80.41262718833106,1150.0,1.0
0.062330205,0.062384765,80.50325435323529,1150.0,1.0
0.06262417,0.06267873,80.59110708582631,1150.0,1.0
0.06291813500000001,0.062972695,80.67635181960388,1150.0,1.0
0.06321210000000001,0.06326666,80.76008221671752,1150.0,1.0
0.06352500750000001,0.0635795675,80.84338653515977,1150.0,1.0
0.06383791500000001,0.063892475,80.92734762876584,1150.0,1.0
0.06415082250000001,0.0642053825,81.01229352830269,1150.0,1.0
0.06446373000000001,0.06451829,81.09787240021939,1150.0,1.0
0.06477700250000001,0.06483156250000001,81.18372511390972,1150.0,1.0
0.065090275,0.06514483500000001,81.2694852417125,1150.0,1.0
0.0654035475,0.0654581075,81.35692648515457,1150.0,1.0
0.06571682000000001,0.06577138,81.44611974844999,1150.0,1.0
0.06600757500000001,0.066062135,81.53722568235627,1150.0,1.0
0.06629833000000002,0.06635289,81.63049468417435,1150.0,1.0
0.06658908500000002,0.066643645,81.72344437755122,1150.0,1.0
0.06687984000000001,0.0669344,81.8156143473543,1150.0,1.0
0.06720394500000001,0.067258505,81.90651385593198,1150.0,1.0
0.06752805,0.06758261,81.99562184311368,1150.0,1.0
0.067852155,0.067906715,82.082103359356,1150.0,1.0
0.06817626,0.06823082,82.16619630299247,1150.0,1.0
0.06847058,0.06852514,82.24807323121989,1150.0,1.0
0.0687649,0.06881946,82.32784136009869,1150.0,1.0
0.06905922,0.06911378,82.40924410182026,1150.0,1.0
0.06935354,0.0694081,82.49226789545668,1150.0,1.0
0.069659735,0.069714295,82.57702053513671,1150.0,1.0
0.06996593000000001,0.07002048999999999,82.66373117004586,1150.0,1.0
0.070272125,0.070326685,82.75166321394458,1150.0,1.0
0.07057832,0.07063288,82.84011227004302,1150.0,1.0
0.07087626250000001,0.07093082249999999,82.92847009648516,1150.0,1.0
0.071174205,0.071228765,83.01622460634887,1150.0,1.0
0.0714721475,0.07152670750000001,83.10106772788875,1150.0,1.0
0.07177009000000001,0.07182465,83.18299610866143,1150.0,1.0
0.07207988750000001,0.0721344475,83.26199899802309,1150.0,1.0
0.07238968500000001,0.072444245,83.33805824712923,1150.0,1.0
0.07269948250000001,0.0727540425,83.41131832538683,1150.0,1.0
0.07300928000000001,0.07306384,83.48220333620496,1150.0,1.0
0.07331516,0.07336972,83.5511270298489,1150.0,1.0
0.07362104,0.07367560000000001,83.61849280343998,1150.0,1.0
0.07392692000000001,0.07398148,83.68691197173561,1150.0,1.0
0.0742328,0.07428736,83.75702152412957,1150.0,1.0
0.07453180749999999,0.0745863675,83.82955370906893,1150.0,1.0
0.074830815,0.074885375,83.9053360340538,1150.0,1.0
0.0751298225,0.07518438250000001,83.98201394102067,1150.0,1.0
0.07542883,0.07548339,84.05988843696775,1150.0,1.0
0.0757296575,0.0757842175,84.13920837303128,1150.0,1.0
0.07603048500000001,0.07608504499999999,84.2201704444858,1150.0,1.0
0.0763313125,0.0763858725,84.30217198028879,1150.0,1.0
0.07663214,0.0766867,84.38458141695526,1150.0,1.0
0.0769507175,0.0770052775,84.46669557872775,1150.0,1.0
0.077269295,0.077323855,84.5477396775761,1150.0,1.0
0.0775878725,0.0776424325,84.62878635211192,1150.0,1.0
0.07790645,0.07796101,84.7096723433391,1150.0,1.0
0.0782022375,0.0782567975,84.79024064171213,1150.0,1.0
0.078498025,0.07855258500000001,84.87034048713625,1150.0,1.0
0.0787938125,0.07884837250000001,84.95105152586623,1150.0,1.0
0.07908960000000001,0.07914416,85.03214894363147,1150.0,1.0
0.079401675,0.07945623500000001,85.11347818740145,1150.0,1.0
0.07971375,0.07976831000000001,85.19495496538633,1150.0,1.0
0.080025825,0.080080385,85.2749611442566,1150.0,1.0
0.0803379,0.08039246,85.35332221614306,1150.0,1.0
0.08064312000000001,0.08069768,85.42985874585628,1150.0,1.0
0.08094834000000001,0.0810029,85.50438637088676,1150.0,1.0
0.08125356,0.08130812000000001,85.5786424502289,1150.0,1.0
0.08155878000000001,0.08161334,85.6524700321304,1150.0,1.0
0.08186437500000002,0.081918935,85.72580360197033,1150.0,1.0
0.08216997000000001,0.08222453,85.79866908225813,1150.0,1.0
0.082475565,0.08253012500000001,85.8695549738565,1150.0,1.0
0.08278116,0.08283572,85.93896832085656,1150.0,1.0
0.08309149500000002,0.083146055,86.0074178073869,1150.0,1.0
0.08340183000000001,0.08345638999999999,86.07541375761406,1150.0,1.0
0.083712165,0.08376672499999999,86.1432993272948,1150.0,1.0
0.0840225,0.08407706,86.21155577515084,1150.0,1.0
0.08434926000000001,0.08440381999999999,86.28065829106839,1150.0,1.0
0.08467602,0.08473058,86.3510759960987,1150.0,1.0
0.08500278,0.08505734000000001,86.42381110218302,1150.0,1.0
0.08532954000000001,0.0853841,86.4979802034027,1150.0,1.0
0.085614375,0.085668935,86.57275490350779,1150.0,1.0
0.08589921,0.08595377,86.64736181591684,1150.0,1.0
0.086184045,0.086238605,86.720264835003,1150.0,1.0
0.08646888,0.08652344,86.792053338844,1150.0,1.0
0.0867628075,0.08681736749999999,86.86329878077308,1150.0,1.0
0.087056735,0.087111295,86.93455468937907,1150.0,1.0
0.08735066250000001,0.0874052225,87.00569319444249,1150.0,1.0
0.08764459000000001,0.08769915,87.07629870343504,1150.0,1.0
0.08796963000000001,0.08802419,87.14592775775806,1150.0,1.0
0.08829467,0.08834923,87.21410903274294,1150.0,1.0
0.08861971,0.08867427,87.28076194995798,1150.0,1.0
0.08894475,0.08899931,87.34677746520785,1150.0,1.0
0.0892467075,0.0893012675,87.41300400186398,1150.0,1.0
0.089548665,0.08960322500000001,87.48024745086414,1150.0,1.0
0.0898506225,0.08990518250000001,87.55112063574214,1150.0,1.0
0.09015258000000001,0.09020714,87.62532434112852,1150.0,1.0
0.09046084250000001,0.09051540250000001,87.70263598516735,1150.0,1.0
0.09076910500000002,0.090823665,87.78290961951569,1150.0,1.0
0.0910773675,0.0911319275,87.86377328469075,1150.0,1.0
0.09138563000000001,0.09144019,87.94398470431946,1150.0,1.0
0.09168392250000001,0.0917384825,88.02229349578812,1150.0,1.0
0.091982215,0.092036775,88.09744117024265,1150.0,1.0
0.0922805075,0.0923350675,88.1720525027218,1150.0,1.0
0.0925788,0.09263336,88.24522319328251,1150.0,1.0
0.0928804225,0.0929349825,88.31622801601553,1150.0,1.0
0.093182045,0.093236605,88.38452081904583,1150.0,1.0
0.0934836675,0.0935382275,88.44498444225987,1150.0,1.0
0.09378529000000001,0.09383985,88.4991588023051,1150.0,1.0
0.0940754725,0.0941300325,88.54847935236359,1150.0,1.0
0.094365655,0.094420215,88.59427708215144,1150.0,1.0
0.0946558375,0.0947103975,88.64190184030195,1150.0,1.0
0.09494602,0.09500058,88.69209406099127,1150.0,1.0
0.0952778625,0.0953324225,88.74570760062109,1150.0,1.0
0.095609705,0.095664265,88.80370973781804,1150.0,1.0
0.0959415475,0.0959961075,88.86363692933034,1150.0,1.0
0.09627339,0.09632795,88.92575173177703,1150.0,1.0
0.09658056000000001,0.09663511999999999,88.99027464618116,1150.0,1.0
0.09688773,0.09694229,89.05738411796902,1150.0,1.0
0.0971949,0.09724946000000001,89.12770269584306,1150.0,1.0
0.09750207000000001,0.09755663,89.20062791053252,1150.0,1.0
0.0978051825,0.0978597425,89.27555738669638,1150.0,1.0
0.09810829500000001,0.098162855,89.35188884292373,1150.0,1.0
0.0984114075,0.0984659675,89.42604249859242,1150.0,1.0
0.09871452,0.09876908,89.49698256224416,1150.0,1.0
0.09903131500000001,0.09908587499999999,89.56353390482572,1150.0,1.0
0.09934811,0.09940267,89.62438205968937,1150.0,1.0
0.099664905,0.09971946500000001,89.68462683770358,1150.0,1.0
0.0999817,0.10003626,89.74509240137792,1150.0,1.0
0.1002810975,0.10033565750000001,89.80673352325023,1150.0,1.0
0.100580495,0.100635055,89.87063558588659,1150.0,1.0
0.10087989250000001,0.1009344525,89.93563662030125,1150.0,1.0
0.10117929,0.10123385,90.00088649083158,1150.0,1.0
0.1014820475,0.1015366075,90.06560104596225,1150.0,1.0
0.101784805,0.101839365,90.12906211832555,1150.0,1.0
0.1020875625,0.1021421225,90.18950518999655,1150.0,1.0
0.10239032,0.10244488,90.24800609236758,1150.0,1.0
0.10269787000000001,0.10275243,90.30560849199149,1150.0,1.0
0.10300542000000001,0.10305998,90.36332389058234,1150.0,1.0
0.10331297,0.10336753,90.42175048269975,1150.0,1.0
0.10362052000000001,0.10367508,90.48055788512383,1150.0,1.0
0.10392251500000001,0.103977075,90.53939656168066,1150.0,1.0
0.10422451,0.10427907,90.59789782324144,1150.0,1.0
0.104526505,0.104581065,90.65749317739042,1150.0,1.0
0.1048285,0.10488306,90.71812901604969,1150.0,1.0
0.10513234,0.1051869,90.77981554062089,1150.0,1.0
0.10543618,0.10549074,90.84262676198486,1150.0,1.0
0.10574002,0.10579458,90.90456129715662,1150.0,1.0
0.10604386,0.10609842,90.96636462328578,1150.0,1.0
0.10635105750000001,0.1064056175,91.02872425291007,1150.0,1.0
0.10665825500000001,0.106712815,91.09226973395558,1150.0,1.0
0.1069654525,0.10702001250000001,91.15805217946314,1150.0,1.0
0.10727265000000001,0.10732721,91.2243802624631,1150.0,1.0
0.10758621000000002,0.10764077,91.2895845904933,1150.0,1.0
0.10789977,0.10795433,91.35201770559934,1150.0,1.0
0.10821333,0.10826789,91.41205842099892,1150.0,1.0
0.10852689,0.10858145,91.47047216883229,1150.0,1.0
0.1088378475,0.1088924075,91.52808772110689,1150.0,1.0
0.109148805,0.109203365,91.5857971896975,1150.0,1.0
0.1094597625,0.1095143225,91.64318487809301,1150.0,1.0
0.10977072,0.10982528,91.7002376008958,1150.0,1.0
0.11007306250000001,0.1101276225,91.75696232268928,1150.0,1.0
0.11037540500000001,0.11042996499999999,91.81338615803777,1150.0,1.0
0.1106777475,0.11073230749999999,91.86902706283142,1150.0,1.0
0.11098009,0.11103465,91.92354013928622,1150.0,1.0
0.11129330000000001,0.11134785999999999,91.97658431876557,1150.0,1.0
0.11160651,0.11166107,92.02782236178079,1150.0,1.0
0.11191972,0.11197428000000001,92.07825263307541,1150.0,1.0
0.11223293000000001,0.11228749,92.1291994467496,1150.0,1.0
0.1125345325,0.1125890925,92.18201644238682,1150.0,1.0
0.112836135,0.112890695,92.23808658505362,1150.0,1.0
0.1131377375,0.1131922975,92.29524488309073,1150.0,1.0
0.11343934,0.1134939,92.35304638961367,1150.0,1.0
0.1137368025,0.11379136249999999,92.41094245287994,1150.0,1.0
0.114034265,0.114088825,92.46828071628912,1150.0,1.0
0.11433172750000001,0.1143862875,92.52511930358841,1150.0,1.0
0.11462919,0.11468375,92.58259589049732,1150.0,1.0
0.1149420525,0.1149966125,92.6417351278873,1150.0,1.0
0.11525491500000001,0.115309475,92.70344864178116,1150.0,1.0
0.11556777750000001,0.1156223375,92.77050949509925,1150.0,1.0
0.11588064000000001,0.1159352,92.84172113715987,1150.0,1.0
0.1161984075,0.1162529675,92.91592124118262,1150.0,1.0
0.116516175,0.11657073500000001,92.99198170428879,1150.0,1.0
0.11683394250000001,0.1168885025,93.06749091238926,1150.0,1.0
0.11715171,0.11720627,93.14186309993454,1150.0,1.0
0.11774918000000001,0.11780374,93.2144682060916,1150.0,1.0
0.11834665,0.11840121,93.284631874743,1150.0,1.0
0.11894412,0.11899868,93.35517762925615,1150.0,1.0
0.11954159,0.11959615,93.42503627798342,1150.0,1.0
0.1198242275,0.1198787875,93.49328096516716,1150.0,1.0
0.12010686500000001,0.120161425,93.55912717093995,1150.0,1.0
0.12038950250000001,0.1204440625,93.61995345934345,1150.0,1.0
0.12067214000000001,0.1207267,93.67587653982825,1150.0,1.0
0.12099143500000001,0.121045995,93.7270399258793,1150.0,1.0
0.12131073,0.12136529,93.77361393501576,1150.0,1.0
0.121630025,0.121684585,93.81907469908292,1150.0,1.0
0.12194932,0.12200388,93.86443491187819,1150.0,1.0
0.12225086,0.12230542,93.91087975942439,1150.0,1.0
0.1225524,0.12260696,93.95976691996958,1150.0,1.0
0.12285394000000001,0.1229085,94.00721301577903,1150.0,1.0
0.12315548000000001,0.12321004,94.05357332663499,1150.0,1.0
0.12346798250000002,0.1235225425,94.09913623784047,1150.0,1.0
0.12378048500000001,0.123835045,94.14412324021907,1150.0,1.0
0.1240929875,0.12414754750000001,94.19155658279465,1150.0,1.0
0.12440549000000001,0.12446005,94.24156812541588,1150.0,1.0
0.1247092525,0.12476381250000002,94.29436654929476,1150.0,1.0
0.125013015,0.12506757500000001,94.35023735700703,1150.0,1.0
0.1253167775,0.1253713375,94.4055291556691,1150.0,1.0
0.12562054,0.1256751,94.45998903381303,1150.0,1.0
0.1259323025,0.12598686250000002,94.51325566454514,1150.0,1.0
0.12624406500000002,0.126298625,94.56485930554535,1150.0,1.0
0.1265558275,0.1266103875,94.6169792353145,1150.0,1.0
0.12686759,0.12692215,94.66974938729936,1150.0,1.0
0.12718581750000002,0.1272403775,94.72331382411379,1150.0,1.0
0.127504045,0.127558605,94.77782673753796,1150.0,1.0
0.1278222725,0.12787683249999998,94.83336434379068,1150.0,1.0
0.1281405,0.12819506,94.88909976390428,1150.0,1.0
0.12844083,0.12849539,94.94423708443176,1150.0,1.0
0.12874116,0.12879572,94.99801135744718,1150.0,1.0
0.12904148999999998,0.12909605000000002,95.05122193177691,1150.0,1.0
0.12934182,0.12939638,95.10392789912552,1150.0,1.0
0.129656265,0.129710825,95.15627751252329,1150.0,1.0
0.12997071,0.13002527,95.20850818632626,1150.0,1.0
0.13028515499999999,0.130339715,95.25785691856676,1150.0,1.0
0.13059959999999998,0.13065416,95.3045681532032,1150.0,1.0
0.13089608749999998,0.13095064750000002,95.3488237818263,1150.0,1.0
0.13119257499999998,0.13124713500000001,95.39074314365952,1150.0,1.0
0.13148906249999998,0.1315436225,95.43323508616788,1150.0,1.0
0.13178555,0.13184011,95.47635745843296,1150.0,1.0
0.132097725,0.132152285,95.52024799420471,1150.0,1.0
0.1324099,0.13246446,95.56512431190134,1150.0,1.0
0.132722075,0.132776635,95.61028376122205,1150.0,1.0
0.13303425,0.13308881,95.6560663703963,1150.0,1.0
0.13334064499999998,0.13339520500000002,95.70284248294661,1150.0,1.0
0.13364704,0.1337016,95.75101275768915,1150.0,1.0
0.133953435,0.134007995,95.79929314633043,1150.0,1.0
0.13425983,0.13431439,95.84756132571721,1150.0,1.0
0.13456967749999998,0.13462423750000002,95.89565340838716,1150.0,1.0
0.134879525,0.134934085,95.94336394256915,1150.0,1.0
0.13518937250000002,0.1352439325,95.99166910218197,1150.0,1.0
0.13549922,0.13555378,96.0397186070834,1150.0,1.0
0.135804845,0.13585940500000002,96.08669657443264,1150.0,1.0
0.13611046999999998,0.13616503000000002,96.13182151869022,1150.0,1.0
0.136416095,0.136470655,96.17487128778306,1150.0,1.0
0.13672172,0.13677628,96.21676242047995,1150.0,1.0
0.13703080499999998,0.13708536500000001,96.2584312226143,1150.0,1.0
0.13733989,0.13739445,96.30083376708367,1150.0,1.0
0.137648975,0.137703535,96.34347932786937,1150.0,1.0
0.13795806,0.13801262,96.38628088953583,1150.0,1.0
0.138273695,0.138328255,96.42912447367394,1150.0,1.0
0.13858933,0.13864389,96.47186913890143,1150.0,1.0
0.138904965,0.138959525,96.5136106090106,1150.0,1.0
0.1392206,0.13927516,96.55524446359416,1150.0,1.0
0.1395227475,0.1395773075,96.59757459223549,1150.0,1.0
0.139824895,0.13987945499999999,96.64131319450831,1150.0,1.0
0.1401270425,0.1401816025,96.68993630367612,1150.0,1.0
0.14042918999999998,0.14048375,96.74256098344131,1150.0,1.0
0.1407409525,0.1407955125,96.79839247626613,1150.0,1.0
0.141052715,0.14110727499999998,96.85672420337227,1150.0,1.0
0.14136447749999997,0.14141903749999998,96.91403242526522,1150.0,1.0
0.14167623999999998,0.1417308,96.96968770248482,1150.0,1.0
0.1419884225,0.1420429825,97.0230045455236,1150.0,1.0
0.14230060499999997,0.142355165,97.07324141482654,1150.0,1.0
0.14261278749999998,0.14266734749999999,97.12171405807169,1150.0,1.0
0.14292496999999998,0.14297953,97.16864237667006,1150.0,1.0
0.14321893749999998,0.1432734975,97.21426984656854,1150.0,1.0
0.14351290499999997,0.143567465,97.25886351825012,1150.0,1.0
0.14380687249999996,0.1438614325,97.30213734394133,1150.0,1.0
0.14410083999999998,0.1441554,97.344008917487,1150.0,1.0
0.1444214975,0.14447605749999998,97.38440029767482,1150.0,1.0
0.14474215499999998,0.144796715,97.42323800823553,1150.0,1.0
0.14506281249999997,0.1451173725,97.46367846373283,1150.0,1.0
0.14538347,0.14543803,97.50609238343748,1150.0,1.0
0.14569213749999999,0.1457466975,97.55100686030401,1150.0,1.0
0.14600080499999998,0.146055365,97.59910536097077,1150.0,1.0
0.14630947249999998,0.1463640325,97.64585635659877,1150.0,1.0
0.14661813999999998,0.1466727,97.69102822712172,1150.0,1.0
0.14691787499999998,0.14697243499999998,97.73430545079707,1150.0,1.0
0.14721761,0.14727216999999998,97.77528860420621,1150.0,1.0
0.147517345,0.147571905,97.81647168394673,1150.0,1.0
0.14781708,0.14787164,97.85746083700712,1150.0,1.0
0.14813584749999997,0.1481904075,97.89792430035743,1150.0,1.0
0.14845461499999998,0.148509175,97.93759240094832,1150.0,1.0
0.1487733825,0.14882794249999998,97.97558670439425,1150.0,1.0
0.14909214999999998,0.14914671,98.01241214509872,1150.0,1.0
0.14939726999999997,0.14945183,98.04858544112975,1150.0,1.0
0.14970239,0.14975695,98.08463509422057,1150.0,1.0
0.15000751,0.15006207,98.121464386123,1150.0,1.0
0.15031263,0.15036719,98.15917063485784,1150.0,1.0
0.150615025,0.150669585,98.19789275887206,1150.0,1.0
0.15091742,0.15097198,98.23781127703889,1150.0,1.0
0.15121981499999998,0.15127437500000002,98.27689998543678,1150.0,1.0
0.15152221,0.15157677,98.31514596622472,1150.0,1.0
0.1518390325,0.1518935925,98.35247133610721,1150.0,1.0
0.152155855,0.152210415,98.38873324633435,1150.0,1.0
0.1524726775,0.1525272375,98.42543164186928,1150.0,1.0
0.1527895,0.15284406,98.46312060751306,1150.0,1.0
0.1530973275,0.1531518875,98.50235463265962,1150.0,1.0
0.153405155,0.153459715,98.54368861129566,1150.0,1.0
0.15371298249999998,0.1537675425,98.58576796902732,1150.0,1.0
0.15402080999999998,0.15407537,98.62841799558011,1150.0,1.0
0.15431964249999996,0.1543742025,98.67138637182515,1150.0,1.0
0.15461847499999998,0.15467303500000001,98.71434316977962,1150.0,1.0
0.1549173075,0.15497186750000003,98.75976494994633,1150.0,1.0
0.15521614,0.1552707,98.80702789368848,1150.0,1.0
0.1555309975,0.15558555750000003,98.85557973683984,1150.0,1.0
0.15584585499999998,0.15590041500000001,98.90493976970325,1150.0,1.0
0.15616071249999997,0.1562152725,98.95236009447126,1150.0,1.0
0.15647556999999998,0.15653013,98.99786588960049,1150.0,1.0
0.1567876775,0.15684223749999998,99.04142660861321,1150.0,1.0
0.157099785,0.157154345,99.08295598009815,1150.0,1.0
0.15741189249999998,0.15746645250000002,99.12413789777163,1150.0,1.0
0.157724,0.15777856,99.16485958247635,1150.0,1.0
0.1580333525,0.1580879125,99.2050426017882,1150.0,1.0
0.158342705,0.158397265,99.2446428700159,1150.0,1.0
0.1586520575,0.1587066175,99.28333379559965,1150.0,1.0
0.15896141,0.15901597,99.32146586823646,1150.0,1.0
0.15925701250000002,0.1593115725,99.35939969235788,1150.0,1.0
0.159552615,0.159607175,99.39750598713059,1150.0,1.0
0.1598482175,0.15990277749999998,99.43669128752344,1150.0,1.0
0.16014382,0.16019838,99.47720260968205,1150.0,1.0
0.160463355,0.160517915,99.51932726970534,1150.0,1.0
0.16078289,0.16083745,99.56339288364431,1150.0,1.0
0.161102425,0.161156985,99.60766247197623,1150.0,1.0
0.16142196,0.16147652,99.65147958160469,1150.0,1.0
0.1617246075,0.16177916750000002,99.6941486371128,1150.0,1.0
0.16202725499999998,0.16208181500000002,99.73493494076422,1150.0,1.0
0.16232990249999998,0.1623844625,99.7747706132197,1150.0,1.0
0.16263255,0.16268711,99.81412055628773,1150.0,1.0
0.16293394,0.16298849999999998,99.8534644392867,1150.0,1.0
0.16323532999999998,0.16328989,99.89329669904438,1150.0,1.0
0.16353671999999997,0.16359128,99.93409499328043,1150.0,1.0
0.16383810999999998,0.16389267,99.97522957910667,1150.0,1.0
0.1641477925,0.16420235249999998,100.0161130220911,1150.0,1.0
0.164457475,0.164512035,100.05620019625827,1150.0,1.0
0.16476715749999998,0.16482171750000002,100.09544732578438,1150.0,1.0
0.16507684,0.1651314,100.13389055624636,1150.0,1.0
0.1653884775,0.1654430375,100.17161898381924,1150.0,1.0
0.16570011499999998,0.16575467500000002,100.20877465527407,1150.0,1.0
0.1660117525,0.1660663125,100.24442540325047,1150.0,1.0
0.16632339,0.16637795,100.2788662527585,1150.0,1.0
0.16663862,0.16669318,100.31238706307796,1150.0,1.0
0.16695385,0.16700841,100.34527252775985,1150.0,1.0
0.16726908,0.16732364,100.37687098369923,1150.0,1.0
0.16758431,0.16763887,100.40775734475967,1150.0,1.0
0.16789512499999998,0.167949685,100.43844673953974,1150.0,1.0
0.16820594,0.16826049999999998,100.46939451137256,1150.0,1.0
0.168516755,0.168571315,100.50344772979729,1150.0,1.0
0.16882756999999998,0.16888213,100.54038664518318,1150.0,1.0
0.16912449749999997,0.1691790575,100.58006956468935,1150.0,1.0
0.169421425,0.169475985,100.62243285226464,1150.0,1.0
0.1697183525,0.16977291249999998,100.66486640129372,1150.0,1.0
0.17001528,0.17006984,100.70712143284688,1150.0,1.0
0.1703316475,0.1703862075,100.74890329048414,1150.0,1.0
0.170648015,0.170702575,100.78987144025668,1150.0,1.0
0.17096438249999998,0.1710189425,100.82987514003116,1150.0,1.0
0.17128074999999998,0.17133531,100.86883470736507,1150.0,1.0
0.1715895575,0.17164411749999997,100.90662758059128,1150.0,1.0
0.171898365,0.17195292499999998,100.94308831881908,1150.0,1.0
0.1722071725,0.1722617325,100.979905523937,1150.0,1.0
0.17251597999999999,0.17257054,101.01660038636145,1150.0,1.0
0.17282836499999998,0.172882925,101.05275276916073,1150.0,1.0
0.17314074999999998,0.17319531,101.0880012080545,1150.0,1.0
0.17345313499999998,0.173507695,101.1225037641765,1150.0,1.0
0.17376551999999998,0.17382008,101.15691170319931,1150.0,1.0
0.17406552749999998,0.1741200875,101.19193562811475,1150.0,1.0
0.174365535,0.174420095,101.22834547923577,1150.0,1.0
0.1746655425,0.1747201025,101.26379990265595,1150.0,1.0
0.17496555,0.17502011,101.29837145712509,1150.0,1.0
0.1752866925,0.1753412525,101.3320525132874,1150.0,1.0
0.175607835,0.175662395,101.3647552536812,1150.0,1.0
0.17592897749999997,0.1759835375,101.39834757562058,1150.0,1.0
0.17625011999999998,0.17630468,101.43270631069561,1150.0,1.0
0.17654605499999998,0.176600615,101.46772776856636,1150.0,1.0
0.17684199,0.17689654999999999,101.50332773696029,1150.0,1.0
0.177137925,0.177192485,101.53955962113196,1150.0,1.0
0.17743386,0.17748842,101.57672230398873,1150.0,1.0
0.1777718125,0.1778263725,101.61513142276495,1150.0,1.0
0.17810976499999998,0.178164325,101.6551193690231,1150.0,1.0
0.1784477175,0.1785022775,101.69615214913526,1150.0,1.0
0.17878566999999998,0.17884023,101.73737498190839,1150.0,1.0
0.17906632,0.17912087999999998,101.77793606275894,1150.0,1.0
0.17934697,0.17940152999999998,101.81698656371383,1150.0,1.0
0.17962762,0.17968217999999997,101.85366195183833,1150.0,1.0
0.17990826999999998,0.17996283,101.88827961286094,1150.0,1.0
0.18021494249999997,0.1802695025,101.92112966610028,1150.0,1.0
0.18052161499999997,0.180576175,101.9524749644634,1150.0,1.0
0.18082828749999996,0.1808828475,101.98429352663798,1150.0,1.0
0.18113495999999998,0.18118952,102.01669882534195,1150.0,1.0
0.18145808749999998,0.18151264749999999,102.0498674636437,1150.0,1.0
0.181781215,0.18183577499999998,102.08403917496175,1150.0,1.0
0.1821043425,0.1821589025,102.11912037725875,1150.0,1.0
0.18242746999999998,0.18248203,102.15445328816794,1150.0,1.0
0.182722015,0.182776575,102.18944908609805,1150.0,1.0
0.18301656,0.18307111999999998,102.22358791023485,1150.0,1.0
0.18331110499999997,0.18336566499999998,102.25483097719479,1150.0,1.0
0.18360564999999998,0.18366021,102.28421452639957,1150.0,1.0
0.18393441,0.18398897,102.31272774932687,1150.0,1.0
0.18426316999999998,0.18431773,102.34131278950875,1150.0,1.0
0.18459193,0.18464649,102.37062277772093,1150.0,1.0
0.18492069,0.18497525,102.40026451835715,1150.0,1.0
0.1852240675,0.18527862750000001,102.429816891948,1150.0,1.0
0.185527445,0.185582005,102.45883085516033,1150.0,1.0
0.1858308225,0.1858853825,102.48891542540579,1150.0,1.0
0.1861342,0.18618876,102.52027069371653,1150.0,1.0
0.186433075,0.186487635,102.55315637744097,1150.0,1.0
0.18673194999999998,0.18678651000000002,102.58789182024393,1150.0,1.0
0.18703082499999998,0.187085385,102.62344796203085,1150.0,1.0
0.1873297,0.18738426,102.65968208394786,1150.0,1.0
0.18764996,0.18770451999999999,102.69645466050243,1150.0,1.0
0.18797022,0.18802478,102.73362935956366,1150.0,1.0
0.18829047999999998,0.18834504000000002,102.76968412268718,1150.0,1.0
0.18861074,0.1886653,102.80389813099029,1150.0,1.0
0.18891849,0.18897305,102.83549853254151,1150.0,1.0
0.18922624,0.1892808,102.86366044235969,1150.0,1.0
0.18953398999999999,0.18958855,102.89089585530745,1150.0,1.0
0.18984173999999998,0.1898963,102.9177690504662,1150.0,1.0
0.19014333499999997,0.190197895,102.94492572325265,1150.0,1.0
0.19044492999999998,0.19049949,102.97309298541893,1150.0,1.0
0.190746525,0.19080108499999998,103.00022556453686,1150.0,1.0
0.19104812,0.19110268,103.02701355949881,1150.0,1.0
0.19137608499999997,0.191430645,103.0540894007969,1150.0,1.0
0.19170405,0.19175861,103.0820278505239,1150.0,1.0
0.192032015,0.19208657499999998,103.11223138872529,1150.0,1.0
0.19235997999999999,0.19241454,103.14430465239906,1150.0,1.0
0.19266888,0.19272344,103.17786091218919,1150.0,1.0
0.19297778,0.19303234,103.21252207238588,1150.0,1.0
0.19328668,0.19334124,103.2471090165164,1150.0,1.0
0.19359558,0.19365014,103.28178823297121,1150.0,1.0
0.1938950525,0.19394961249999998,103.31668063606816,1150.0,1.0
0.194194525,0.194249085,103.35186156605273,1150.0,1.0
0.19449399750000002,0.1945485575,103.38846288607417,1150.0,1.0
0.19479347,0.19484803,103.42584200030863,1150.0,1.0
0.19510312749999997,0.1951576875,103.4633822283017,1150.0,1.0
0.19541278499999998,0.19546734500000001,103.50049280496799,1150.0,1.0
0.19572244249999998,0.19577700250000002,103.53679507126223,1150.0,1.0
0.1960321,0.19608666,103.57167329317875,1150.0,1.0
0.19634372749999998,0.1963982875,103.60454899503578,1150.0,1.0
0.19665535499999998,0.196709915,103.63488095947515,1150.0,1.0
0.1969669825,0.1970215425,103.66277632737308,1150.0,1.0
0.19727861,0.19733317,103.68913021596441,1150.0,1.0
0.19757922,0.19763378,103.71487147509758,1150.0,1.0
0.19787982999999998,0.19793439000000002,103.7409626872347,1150.0,1.0
0.19818043999999999,0.198235,103.76769775976662,1150.0,1.0
0.19848105,0.19853561,103.79446989563817,1150.0,1.0
0.19879185,0.19884641,103.8207118897361,1150.0,1.0
0.19910265,0.19915721,103.84589612888806,1150.0,1.0
0.19941345,0.19946801,103.86980766331467,1150.0,1.0
0.19972425,0.19977881,103.89329150625464,1150.0,1.0
0.2000304975,0.2000850575,103.9172133916848,1150.0,1.0
0.20033674499999998,0.20039130500000002,103.94245977432087,1150.0,1.0
0.2006429925,0.20069755250000001,103.9680644991963,1150.0,1.0
0.20094924,0.2010038,103.99422861103687,1150.0,1.0
0.201267325,0.201321885,104.02109761749385,1150.0,1.0
0.20158541,0.20163997,104.04876148914465,1150.0,1.0
0.201903495,0.201958055,104.07818808111551,1150.0,1.0
0.20222157999999998,0.20227614,104.10854636020585,1150.0,1.0
0.20252204749999997,0.2025766075,104.13901735141529,1150.0,1.0
0.20282251499999998,0.202877075,104.16879413794479,1150.0,1.0
0.2031229825,0.20317754249999997,104.19851282785339,1150.0,1.0
0.20342344999999998,0.20347801,104.22836141780788,1150.0,1.0
0.20373742,0.20379197999999998,104.25858771864127,1150.0,1.0
0.20405139,0.20410594999999998,104.28949935535313,1150.0,1.0
0.20436536,0.20441991999999998,104.31899227714929,1150.0,1.0
0.20467933,0.20473389,104.34674587606617,1150.0,1.0
0.2049871025,0.2050416625,104.37239342096703,1150.0,1.0
0.205294875,0.205349435,104.39552205754335,1150.0,1.0
0.20560264749999999,0.2056572075,104.41740690212177,1150.0,1.0
0.20591041999999998,0.20596498,104.43846530278871,1150.0,1.0
0.2062185425,0.20627310249999997,104.45913277079447,1150.0,1.0
0.206526665,0.20658122499999998,104.47986298055226,1150.0,1.0
0.2068347875,0.2068893475,104.50116154340384,1150.0,1.0
0.20714290999999999,0.20719747,104.52364351424467,1150.0,1.0
0.20745478,0.20750934,104.54794065894644,1150.0,1.0
0.20776665,0.20782120999999998,104.57470145435613,1150.0,1.0
0.20807852,0.20813307999999997,104.60223905074768,1150.0,1.0
0.20839038999999998,0.20844495,104.63060851557384,1150.0,1.0
0.2087026025,0.20875716249999998,104.65977866656155,1150.0,1.0
0.209014815,0.209069375,104.68963207171304,1150.0,1.0
0.20932702749999998,0.20938158750000002,104.72152421286,1150.0,1.0
0.20963924,0.2096938,104.7548245089127,1150.0,1.0
0.2099468875,0.2100014475,104.78890347695517,1150.0,1.0
0.210254535,0.210309095,104.8231327322433,1150.0,1.0
0.21056218249999997,0.2106167425,104.85756660100296,1150.0,1.0
0.21086982999999998,0.21092439,104.89171817480626,1150.0,1.0
0.21116957249999999,0.2112241325,104.92513255111514,1150.0,1.0
0.211469315,0.211523875,104.95738683328165,1150.0,1.0
0.2117690575,0.2118236175,104.98690656787039,1150.0,1.0
0.2120688,0.21212336,105.01430770565779,1150.0,1.0
0.21236061,0.21241517,105.04015381035633,1150.0,1.0
0.21265242,0.21270698,105.06495605861411,1150.0,1.0
0.21294423,0.21299879,105.08977268584529,1150.0,1.0
0.21323604,0.2132906,105.11483998648181,1150.0,1.0
0.21356639249999998,0.2136209525,105.14037643859201,1150.0,1.0
0.213896745,0.21395130499999998,105.16658270388014,1150.0,1.0
0.2142270975,0.2142816575,105.19481120000513,1150.0,1.0
0.21455744999999998,0.21461201,105.22519345458011,1150.0,1.0
0.2151561825,0.2152107425,105.25790309415878,1150.0,1.0
0.215754915,0.215809475,105.29315584423395,1150.0,1.0
0.2163536475,0.2164082075,105.33045609972679,1150.0,1.0
0.21695238,0.21700694,105.36886271411316,1150.0,1.0
0.21723726999999998,0.21729183000000002,105.40746992796073,1150.0,1.0
0.21752216,0.21757672,105.44540736893029,1150.0,1.0
0.21780705,0.21786160999999998,105.4809485680438,1150.0,1.0
0.21809193999999998,0.2181465,105.51355859355834,1150.0,1.0
0.2183921875,0.21844674749999998,105.54268619289873,1150.0,1.0
0.218692435,0.218746995,105.56776379265605,1150.0,1.0
0.21899268249999998,0.21904724250000002,105.59080158438427,1150.0,1.0
0.21929293,0.21934749,105.61213633072576,1150.0,1.0
0.21961193,0.21966649,105.63219582686965,1150.0,1.0
0.21993093,0.21998549,105.65149890055235,1150.0,1.0
0.22024992999999998,0.22030449000000002,105.6697070333589,1150.0,1.0
0.22056893,0.22062349,105.68736672397321,1150.0,1.0
0.220895025,0.220949585,105.70507150455421,1150.0,1.0
0.22122112,0.22127568,105.7234619407362,1150.0,1.0
0.221547215,0.221601775,105.7421150767182,1150.0,1.0
0.22187331,0.22192787,105.7615225460135,1150.0,1.0
0.22217301499999997,0.222227575,105.78217306331928,1150.0,1.0
0.22247271999999998,0.22252728,105.80455242451622,1150.0,1.0
0.222772425,0.22282698499999998,105.82848350394512,1150.0,1.0
0.22307212999999998,0.22312669,105.85332395140674,1150.0,1.0
0.2233856225,0.22344018249999997,105.87842350553795,1150.0,1.0
0.223699115,0.22375367499999999,105.90312399381051,1150.0,1.0
0.22401260750000002,0.2240671675,105.9275962200772,1150.0,1.0
0.2243261,0.22438066,105.95175248969832,1150.0,1.0
0.22462822500000001,0.224682785,105.97552465835558,1150.0,1.0
0.22493035,0.22498491,105.99886413205289,1150.0,1.0
0.225232475,0.22528703500000002,106.02018853623898,1150.0,1.0
0.2255346,0.22558916,106.04008645405814,1150.0,1.0
0.225843825,0.225898385,106.05907246497931,1150.0,1.0
0.22615305,0.22620761,106.0775871447972,1150.0,1.0
0.226462275,0.226516835,106.09736840218599,1150.0,1.0
0.2267715,0.22682606,106.11832867257206,1150.0,1.0
0.22708615249999997,0.2271407125,106.14038524644775,1150.0,1.0
0.22740080499999998,0.227455365,106.16346026937154,1150.0,1.0
0.2277154575,0.22777001749999998,106.18871406165896,1150.0,1.0
0.22803010999999998,0.22808467,106.21574961300713,1150.0,1.0
0.22833504249999997,0.22838960249999998,106.24424536174926,1150.0,1.0
0.228639975,0.22869453499999998,106.27395519485532,1150.0,1.0
0.2289449075,0.2289994675,106.30195544982304,1150.0,1.0
0.22924983999999998,0.2293044,106.32838898992937,1150.0,1.0
0.22955682249999998,0.22961138250000002,106.35332907468157,1150.0,1.0
0.22986380499999998,0.229918365,106.37677935981762,1150.0,1.0
0.23017078749999997,0.2302253475,106.400364115254,1150.0,1.0
0.23047777,0.23053233,106.42332136245913,1150.0,1.0
0.2307834675,0.23083802750000001,106.44492070253058,1150.0,1.0
0.23108916499999999,0.23114372500000002,106.46446331619738,1150.0,1.0
0.2313948625,0.2314494225,106.4825973981749,1150.0,1.0
0.23170056,0.23175512,106.50001925353837,1150.0,1.0
0.232011685,0.232066245,106.51748956759104,1150.0,1.0
0.23232281,0.23237737,106.53583340586356,1150.0,1.0
0.232633935,0.232688495,106.55382204107549,1150.0,1.0
0.23294505999999998,0.23299962,106.57204076913598,1150.0,1.0
0.233265055,0.23331961499999998,106.59104159406019,1150.0,1.0
0.23358505,0.23363961,106.61134322796913,1150.0,1.0
0.23390504499999998,0.23395960500000001,106.63340047147473,1150.0,1.0
0.23422504,0.2342796,106.65625295292918,1150.0,1.0
0.234533555,0.23458811499999999,106.67894113153724,1150.0,1.0
0.23484207,0.23489663,106.70050629735532,1150.0,1.0
0.23515058500000002,0.235205145,106.72117998954741,1150.0,1.0
0.2354591,0.23551366,106.74167846800935,1150.0,1.0
0.23576122,0.23581578,106.76273663986225,1150.0,1.0
0.23606334,0.2361179,106.78510805945344,1150.0,1.0
0.23636546,0.23642002,106.80875998237524,1150.0,1.0
0.23666758,0.23672214,106.83270570971575,1150.0,1.0
0.2369853625,0.2370399225,106.85598142352124,1150.0,1.0
0.237303145,0.237357705,106.8776461867941,1150.0,1.0
0.2376209275,0.2376754875,106.89717688039559,1150.0,1.0
0.23793871,0.23799327,106.91470280679715,1150.0,1.0
0.238250095,0.238304655,106.9303702250897,1150.0,1.0
0.23856148,0.23861604,106.9443423509839,1150.0,1.0
0.238872865,0.238927425,106.95755244139217,1150.0,1.0
0.23918425,0.23923881,106.97066810442975,1150.0,1.0
0.2394892075,0.2395437675,106.98440005861966,1150.0,1.0
0.239794165,0.23984872499999998,106.99950213289226,1150.0,1.0
0.24009912249999998,0.2401536825,107.01477791565442,1150.0,1.0
0.24040408,0.24045864,107.02992632754054,1150.0,1.0
0.24072305249999998,0.24077761250000002,107.0446175416947,1150.0,1.0
0.241042025,0.241096585,107.05849298377018,1150.0,1.0
0.2413609975,0.2414155575,107.0717343174964,1150.0,1.0
0.24167997,0.24173453,107.08550261242826,1150.0,1.0
0.241989085,0.242043645,107.10091910053539,1150.0,1.0
0.2422982,0.24235276,107.11906517620179,1150.0,1.0
0.242607315,0.242661875,107.14040914057388,1150.0,1.0
0.24291643,0.24297099,107.16392929780937,1150.0,1.0
0.24321397499999997,0.243268535,107.18858625851367,1150.0,1.0
0.24351151999999998,0.24356608000000002,107.21332293974135,1150.0,1.0
0.243809065,0.24386362500000003,107.23754394839905,1150.0,1.0
0.24410661,0.24416117,107.26128495336938,1150.0,1.0
0.24440963,0.24446419000000003,107.28455965290973,1150.0,1.0
0.24471264999999998,0.24476721,107.30735977465264,1150.0,1.0
0.24501566999999996,0.24507023,107.33080698537823,1150.0,1.0
0.24531868999999998,0.24537325,107.35440802601455,1150.0,1.0
0.24563066499999997,0.245685225,107.37771698163775,1150.0,1.0
0.24594264,0.2459972,107.40033528147086,1150.0,1.0
0.246254615,0.246309175,107.42041330511739,1150.0,1.0
0.24656659,0.24662115,107.43807474118576,1150.0,1.0
0.2468944,0.24694896,107.45340414872845,1150.0,1.0
0.24722221,0.24727677,107.4664469572433,1150.0,1.0
0.24755001999999998,0.24760458000000002,107.48032453943728,1150.0,1.0
0.24787783,0.24793239,107.49537054397474,1150.0,1.0
0.248178565,0.248233125,107.51202756237119,1150.0,1.0
0.2484793,0.24853386,107.53084712899262,1150.0,1.0
0.24878003499999998,0.248834595,107.54927465141266,1150.0,1.0
0.24908076999999998,0.24913533,107.56703700316329,1150.0,1.0
0.24938531749999998,0.2494398775,107.58383395030478,1150.0,1.0
0.249689865,0.249744425,107.59933815142615,1150.0,1.0
0.2499944125,0.2500489725,107.61513564424374,1150.0,1.0
0.25029896,0.25035352,107.63122423960026,1150.0,1.0
0.25061074250000004,0.25066530249999996,107.6476630652608,1150.0,1.0
0.250922525,0.250977085,107.66457256591279,1150.0,1.0
0.2512343075,0.2512888675,107.67987985179352,1150.0,1.0
0.25154609,0.25160065,107.69359678606611,1150.0,1.0
0.25185484999999996,0.25190941,107.70568851630647,1150.0,1.0
0.25216361,0.25221817,107.71607347450336,1150.0,1.0
0.25247237,0.25252693000000004,107.72684296646158,1150.0,1.0
0.25278113,0.25283569,107.73830065805177,1150.0,1.0
0.25309544,0.25315,107.75080351253193,1150.0,1.0
0.25340975,0.25346431,107.76476179054646,1150.0,1.0
0.25372406000000003,0.25377862,107.77878322368791,1150.0,1.0
0.25403837,0.25409293,107.79284274174857,1150.0,1.0
0.25434096000000006,0.25439552,107.80688852828847,1150.0,1.0
0.25464355000000005,0.25469811,107.82084202063675,1150.0,1.0
0.25494614000000004,0.25500069999999997,107.8348410521434,1150.0,1.0
0.25524873000000003,0.25530329,107.84919808130248,1150.0,1.0
0.25556035250000003,0.2556149125,107.86419987519709,1150.0,1.0
0.25587197500000003,0.255926535,107.88010750950015,1150.0,1.0
0.2561835975,0.2562381575,107.89734620241326,1150.0,1.0
0.25649522,0.25654978,107.91524617829221,1150.0,1.0
0.256817635,0.256872195,107.93314376645526,1150.0,1.0
0.25714005,0.25719461,107.95038140118217,1150.0,1.0
0.25746246500000003,0.25751702499999995,107.96743108044404,1150.0,1.0
0.25778488,0.25783944,107.98422524502743,1150.0,1.0
0.258079915,0.258134475,108.00074459019692,1150.0,1.0
0.25837495,0.25842951000000003,108.01701806569663,1150.0,1.0
0.25866998500000005,0.25872454500000003,108.03176709621447,1150.0,1.0
0.25896502000000005,0.25901958,108.04511039263114,1150.0,1.0
0.25927780250000004,0.2593323625,108.05714661699209,1150.0,1.0
0.25959058500000004,0.259645145,108.06795438250742,1150.0,1.0
0.25990336750000004,0.2599579275,108.07790191581472,1150.0,1.0
0.26021615000000003,0.26027071,108.08728370710294,1150.0,1.0
0.2605275925,0.2605821525,108.0963833732283,1150.0,1.0
0.26083903500000005,0.260893595,108.10547365771407,1150.0,1.0
0.26115047750000003,0.2612050375,108.11591289134185,1150.0,1.0
0.26146192,0.26151648,108.12786733140277,1150.0,1.0
0.261773735,0.26182829500000004,108.14154987854114,1150.0,1.0
0.26208555,0.26214011000000004,108.15722007675345,1150.0,1.0
0.262397365,0.26245192500000003,108.17386469879322,1150.0,1.0
0.26270918000000004,0.26276374,108.19102193517213,1150.0,1.0
0.263014415,0.26306897500000004,108.20823055437465,1150.0,1.0
0.26331965,0.26337421000000005,108.22502990285943,1150.0,1.0
0.26362488500000003,0.26367944500000007,108.23974124454766,1150.0,1.0
0.26393012000000005,0.26398468,108.25276966694813,1150.0,1.0
0.264230475,0.264285035,108.26443745407687,1150.0,1.0
0.26453083,0.26458539000000003,108.27498408645515,1150.0,1.0
0.264831185,0.264885745,108.2872156496402,1150.0,1.0
0.26513154,0.2651861,108.30061112685156,1150.0,1.0
0.26544276499999997,0.265497325,108.3147155288092,1150.0,1.0
0.26575399,0.26580855,108.32913989373296,1150.0,1.0
0.266065215,0.26611977499999995,108.3429704872963,1150.0,1.0
0.26637644,0.266431,108.35649857750082,1150.0,1.0
0.2666915475,0.2667461075,108.37003777866491,1150.0,1.0
0.267006655,0.267061215,108.38392405142284,1150.0,1.0
0.2673217625,0.2673763225,108.3984124481439,1150.0,1.0
0.26763687,0.26769143,108.41301593018247,1150.0,1.0
0.2679366,0.26799116,108.42728650174284,1150.0,1.0
0.26823633,0.26829089,108.44081520987972,1150.0,1.0
0.26853606,0.26859062,108.45185650129982,1150.0,1.0
0.26883579,0.26889035,108.46049022461109,1150.0,1.0
0.2691657175,0.2692202775,108.46675542272996,1150.0,1.0
0.269495645,0.269550205,108.47065033288125,1150.0,1.0
0.2698255725,0.2698801325,108.47534615452018,1150.0,1.0
0.2701555,0.27021006,108.4811748963312,1150.0,1.0
0.270470055,0.270524615,108.48857958335157,1150.0,1.0
0.27078461,0.27083917,108.49811425697294,1150.0,1.0
0.271099165,0.271153725,108.50664394928232,1150.0,1.0
0.27141372,0.27146828,108.5142915325618,1150.0,1.0
0.27170049250000006,0.2717550525,108.52111546995576,1150.0,1.0
0.27198726500000003,0.272041825,108.5271098154704,1150.0,1.0
0.2722740375,0.27232859750000005,108.53397670874652,1150.0,1.0
0.27256081000000004,0.27261537,108.54186995868594,1150.0,1.0
0.27288316,0.27293772000000005,108.55096119778818,1150.0,1.0
0.27320551000000004,0.27326007,108.56143988215136,1150.0,1.0
0.27352786000000007,0.27358242,108.57229585811332,1150.0,1.0
0.27385021000000004,0.27390477,108.58310979074956,1150.0,1.0
0.2741588575,0.2742134175,108.59343495589354,1150.0,1.0
0.27446750500000006,0.274522065,108.60279724013637,1150.0,1.0
0.27477615250000004,0.2748307125,108.6123366217003,1150.0,1.0
0.2750848,0.27513936,108.6222268138143,1150.0,1.0
0.2753902975,0.27544485750000003,108.63267930098598,1150.0,1.0
0.275695795,0.275750355,108.64394333900158,1150.0,1.0
0.27600129250000005,0.2760558525,108.65506457814132,1150.0,1.0
0.27630679,0.27636135,108.66547436117928,1150.0,1.0
0.27660382250000004,0.27665838249999997,108.67460166838096,1150.0,1.0
0.27690085500000006,0.276955415,108.6818731175019,1150.0,1.0
0.2771978875000001,0.2772524475,108.68756774995678,1150.0,1.0
0.27749492000000003,0.27754948,108.69225655657033,1150.0,1.0
0.27781887000000005,0.27787343,108.6965223190464,1150.0,1.0
0.27814282,0.27819738,108.70095960997,1150.0,1.0
0.27846677,0.27852133,108.70545205502623,1150.0,1.0
0.27879072,0.27884528,108.71024578887398,1150.0,1.0
0.2790920225,0.27914658249999996,108.71557162958166,1150.0,1.0
0.279393325,0.27944788499999995,108.72164507862692,1150.0,1.0
0.2796946275,0.2797491875,108.72943939472353,1150.0,1.0
0.27999593,0.28005049,108.73849433607212,1150.0,1.0
0.28031716,0.28037172,108.7483896790742,1150.0,1.0
0.28063839,0.28069295,108.75874521833187,1150.0,1.0
0.28095962,0.28101418,108.76845018983121,1150.0,1.0
0.28128085,0.28133541,108.77763937956638,1150.0,1.0
0.281584685,0.28163924500000004,108.78643768999935,1150.0,1.0
0.28188852000000003,0.28194308,108.79496014006025,1150.0,1.0
0.28219235500000006,0.282246915,108.80283914896006,1150.0,1.0
0.28249619000000004,0.28255075,108.80986311656646,1150.0,1.0
0.28281109000000004,0.28286564999999997,108.81579443344735,1150.0,1.0
0.28312599000000005,0.28318055,108.8203694808715,1150.0,1.0
0.28344089000000006,0.28349545,108.82517752241401,1150.0,1.0
0.28375579,0.28381035,108.83008328083031,1150.0,1.0
0.28406571,0.28412027,108.83501580854487,1150.0,1.0
0.28437563,0.28443019,108.8399684876508,1150.0,1.0
0.28468555,0.28474011,108.84390502169892,1150.0,1.0
0.28499547000000003,0.28505003,108.84749543194853,1150.0,1.0
0.28529509500000005,0.285349655,108.85140497851357,1150.0,1.0
0.28559472,0.28564928,108.85629416036181,1150.0,1.0
0.285894345,0.28594890500000003,108.86215324060123,1150.0,1.0
0.28619397,0.28624853,108.86840209622989,1150.0,1.0
0.28651539000000004,0.28656994999999996,108.87445332164188,1150.0,1.0
0.28683681000000005,0.28689137,108.87971222862723,1150.0,1.0
0.28715823000000007,0.28721279,108.88388993045459,1150.0,1.0
0.28747965000000003,0.28753421,108.88746625537169,1150.0,1.0
0.28778182250000006,0.2878363825,108.89090205928773,1150.0,1.0
0.28808399500000004,0.288138555,108.89463922577289,1150.0,1.0
0.2883861675,0.28844072750000005,108.89973034111308,1150.0,1.0
0.28868834000000004,0.2887429,108.90604139956017,1150.0,1.0
0.28899622750000004,0.2890507875,108.91346480925823,1150.0,1.0
0.28930411500000003,0.289358675,108.92191939224335,1150.0,1.0
0.2896120025,0.2896665625,108.9306340788733,1150.0,1.0
0.28991989,0.28997445,108.93894928057779,1150.0,1.0
0.2902317575,0.2902863175,108.94621158599347,1150.0,1.0
0.290543625,0.290598185,108.95177376096265,1150.0,1.0
0.29085549250000003,0.2909100525,108.95605043855983,1150.0,1.0
0.29116736000000004,0.29122192,108.95947842334081,1150.0,1.0
0.29147781000000006,0.29153237,108.96252695200883,1150.0,1.0
0.29178826,0.29184282,108.96569769341808,1150.0,1.0
0.29209871,0.29215327,108.96854225815763,1150.0,1.0
0.29240916,0.29246372,108.97064782080105,1150.0,1.0
0.29271821,0.29277277,108.97160909862168,1150.0,1.0
0.29302726,0.29308182,108.97102835159164,1150.0,1.0
0.29333631000000004,0.29339086999999997,108.96932230350833,1150.0,1.0
0.29364536,0.29369992,108.96720944687141,1150.0,1.0
0.29394758500000007,0.294002145,108.96542876372715,1150.0,1.0
0.29424981000000006,0.29430437,108.96473972566659,1150.0,1.0
0.29455203500000005,0.29460659499999997,108.96539872299593,1150.0,1.0
0.29485426000000003,0.29490882,108.9671719392379,1150.0,1.0
0.29517848,0.29523304000000006,108.969845722347,1150.0,1.0
0.2955027,0.29555726000000004,108.9732265847093,1150.0,1.0
0.29582692,0.29588148000000003,108.97630050974797,1150.0,1.0
0.29615114000000003,0.2962057,108.97888004267226,1150.0,1.0
0.29644689,0.29650145,108.98075629992042,1150.0,1.0
0.29674264000000006,0.2967972,108.98169896916266,1150.0,1.0
0.29703839000000004,0.29709295,108.98186289307587,1150.0,1.0
0.29733414,0.2973887,108.98174887359042,1150.0,1.0
0.297653755,0.297708315,108.98183727366194,1150.0,1.0
0.29797337,0.29802793,108.98258801726843,1150.0,1.0
0.298292985,0.298347545,108.9823738191416,1150.0,1.0
0.2986126,0.29866716,108.98224276822651,1150.0,1.0
0.2989307925,0.2989853525,108.98272017586382,1150.0,1.0
0.299248985,0.299303545,108.98406043977593,1150.0,1.0
0.29956717750000006,0.2996217375,108.98651795768528,1150.0,1.0
0.29988537000000004,0.29993993,108.99034712731432,1150.0,1.0
0.30018586,0.30024042000000006,108.99580234638547,1150.0,1.0
0.30048635,0.30054091000000005,109.00313801262116,1150.0,1.0
0.30078684,0.30084140000000004,109.01260852374384,1150.0,1.0
0.30108733000000004,0.30114189,109.02446827747593,1150.0,1.0
