Time(s),Strain(%),Stress(MPa),Temp(C),Log_SR(s-1)
0.0,0.0,0.0,326.23408889182804,2.535016911603787
1.166925364167358e-08,4e-06,0.7018884999999999,326.23408889182804,2.535016911603787
5.83462682083679e-08,1.9999999999999998e-05,3.5094424999999996,326.23408889182804,2.535016911603787
7.468322330671092e-08,2.56e-05,4.4920864,326.23408889182804,2.535016911603787
7.701707403504563e-08,2.6399999999999998e-05,4.6324641,326.23408889182804,2.535016911603787
8.401862622004978e-08,2.88e-05,5.0535972,326.23408889182804,2.535016911603787
9.335402913338863e-08,3.2e-05,5.615107999999999,326.23408889182804,2.535016911603787
1.0502328277506223e-07,3.6e-05,6.3169965,326.23408889182804,2.535016911603787
1.2602793933007467e-07,4.32e-05,7.5803958,326.23408889182804,2.535016911603787
1.6803725244009955e-07,5.76e-05,10.1071944,326.23408889182804,2.535016911603787
1.797065060817731e-07,6.159999999999999e-05,10.809082899999998,326.23408889182804,2.535016911603787
1.8437420753844256e-07,6.319999999999999e-05,11.089838299999998,326.23408889182804,2.535016911603787
2.1004656555012446e-07,7.2e-05,12.633993,326.23408889182804,2.535016911603787
2.2638352064846746e-07,7.76e-05,13.6166369,326.23408889182804,2.535016911603787
2.5905743084515347e-07,8.879999999999999e-05,15.581924699999998,326.23408889182804,2.535016911603787
2.6372513230182295e-07,9.04e-05,15.8626801,326.23408889182804,2.535016911603787
2.7539438594349645e-07,9.439999999999999e-05,16.564568599999998,326.23408889182804,2.535016911603787
2.8706363958517006e-07,9.839999999999999e-05,17.2664571,326.23408889182804,2.535016911603787
2.9873289322684367e-07,0.0001024,17.9683456,326.23408889182804,2.535016911603787
3.1973754978185607e-07,0.0001096,19.2317449,326.23408889182804,2.535016911603787
3.314068034235297e-07,0.0001136,19.933633399999998,326.23408889182804,2.535016911603787
3.384083556085338e-07,0.000116,20.3547665,326.23408889182804,2.535016911603787
3.9442077308856704e-07,0.0001352,23.7238313,326.23408889182804,2.535016911603787
4.014223252735711e-07,0.00013759999999999998,24.144964399999996,326.23408889182804,2.535016911603787
4.714378471236126e-07,0.0001616,28.3562954,326.23408889182804,2.535016911603787
4.831071007652862e-07,0.0001656,29.058183899999996,326.23408889182804,2.535016911603787
4.877748022219556e-07,0.0001672,29.3389393,326.23408889182804,2.535016911603787
4.901086529502903e-07,0.000168,29.479316999999998,326.23408889182804,2.535016911603787
5.134471602336375e-07,0.000176,30.883094,326.23408889182804,2.535016911603787
5.484549211586582e-07,0.000188,32.9887595,326.23408889182804,2.535016911603787
5.717934284420055e-07,0.000196,34.3925365,326.23408889182804,2.535016911603787
6.441428010203817e-07,0.0002208,38.7442452,326.23408889182804,2.535016911603787
7.048229199570843e-07,0.0002416,42.394065399999995,326.23408889182804,2.535016911603787
7.258275765120966e-07,0.0002488,43.6574647,326.23408889182804,2.535016911603787
7.491660837954438e-07,0.0002568,45.061241700000004,326.23408889182804,2.535016911603787
7.538337852521133e-07,0.0002584,45.3419971,326.23408889182804,2.535016911603787
7.631691881654521e-07,0.00026159999999999996,45.903507899999994,326.23408889182804,2.535016911603787
7.701707403504562e-07,0.00026399999999999997,46.32464099999999,326.23408889182804,2.535016911603787
8.425201129288324e-07,0.00028879999999999997,50.676349699999996,326.23408889182804,2.535016911603787
8.588570680271755e-07,0.0002944,51.6589936,326.23408889182804,2.535016911603787
8.681924709405143e-07,0.00029759999999999997,52.220504399999996,326.23408889182804,2.535016911603787
8.728601723971838e-07,0.0002992,52.5012598,326.23408889182804,2.535016911603787
8.751940231255184e-07,0.0003,52.641637499999995,326.23408889182804,2.535016911603787
9.008663811372003e-07,0.00030879999999999997,54.185792199999995,326.23408889182804,2.535016911603787
9.032002318655351e-07,0.0003096,54.3261699,326.23408889182804,2.535016911603787
9.172033362355435e-07,0.0003144,55.1684361,326.23408889182804,2.535016911603787
9.685480522589072e-07,0.000332,58.2567455,326.23408889182804,2.535016911603787
9.918865595422542e-07,0.00033999999999999997,59.66052249999999,326.23408889182804,2.535016911603787
9.988881117272585e-07,0.0003424,60.0816556,326.23408889182804,2.535016911603787
1.010557365368932e-06,0.00034639999999999996,60.78354409999999,326.23408889182804,2.535016911603787
1.0455651262939527e-06,0.0003584,62.889209599999994,326.23408889182804,2.535016911603787
1.0712374843056347e-06,0.0003672,64.4333643,326.23408889182804,2.535016911603787
1.0922421408606472e-06,0.0003744,65.6967636,326.23408889182804,2.535016911603787
1.1412530061556762e-06,0.00039119999999999997,68.6446953,326.23408889182804,2.535016911603787
1.1692592148956927e-06,0.0004008,70.3292277,326.23408889182804,2.535016911603787
1.1715930656240275e-06,0.0004016,70.4696054,326.23408889182804,2.535016911603787
1.173926916352362e-06,0.00040239999999999997,70.6099831,326.23408889182804,2.535016911603787
1.183262319265701e-06,0.0004056,71.1714939,326.23408889182804,2.535016911603787
1.2159362294623871e-06,0.0004168,73.1367817,326.23408889182804,2.535016911603787
1.2182700801907217e-06,0.00041759999999999996,73.27715939999999,326.23408889182804,2.535016911603787
1.2206039309190564e-06,0.0004184,73.41753709999999,326.23408889182804,2.535016911603787
1.2346070352890648e-06,0.0004232,74.2598033,326.23408889182804,2.535016911603787
1.2439424382024035e-06,0.00042639999999999996,74.8213141,326.23408889182804,2.535016911603787
1.2626132440290814e-06,0.0004328,75.9443357,326.23408889182804,2.535016911603787
1.2649470947574161e-06,0.00043359999999999997,76.0847134,326.23408889182804,2.535016911603787
1.2859517513124286e-06,0.0004408,77.3481127,326.23408889182804,2.535016911603787
1.3116241093241103e-06,0.0004496,78.8922674,326.23408889182804,2.535016911603787
1.339630318064127e-06,0.0004592,80.5767998,326.23408889182804,2.535016911603787
1.35596727316247e-06,0.00046479999999999997,81.55944369999999,326.23408889182804,2.535016911603787
1.362968825347474e-06,0.00046719999999999997,81.9805768,326.23408889182804,2.535016911603787
1.4376520486541849e-06,0.0004927999999999999,86.47266319999999,326.23408889182804,2.535016911603787
1.5240045256025696e-06,0.0005224,91.6666381,326.23408889182804,2.535016911603787
1.5496768836142514e-06,0.0005312,93.21079280000001,326.23408889182804,2.535016911603787
1.5543445850709207e-06,0.0005327999999999999,93.49154819999998,326.23408889182804,2.535016911603787
1.6196924054642929e-06,0.0005551999999999999,97.4221238,326.23408889182804,2.535016911603787
1.6266939576492972e-06,0.0005576,97.8432569,326.23408889182804,2.535016911603787
1.633695509834301e-06,0.00056,98.26438999999999,326.23408889182804,2.535016911603787
1.6383632112909708e-06,0.0005616,98.5451454,326.23408889182804,2.535016911603787
1.6547001663893137e-06,0.0005672,99.52778930000001,326.23408889182804,2.535016911603787
1.6663694200309873e-06,0.0005712,100.2296778,326.23408889182804,2.535016911603787
1.6873740765859995e-06,0.0005784,101.4930771,326.23408889182804,2.535016911603787
1.7527218969793717e-06,0.0006008,105.42365269999999,326.23408889182804,2.535016911603787
1.7643911506210453e-06,0.0006048,106.12554119999999,326.23408889182804,2.535016911603787
1.7690588520777148e-06,0.0006064,106.4062966,326.23408889182804,2.535016911603787
1.8110681651877397e-06,0.0006208,108.9330952,326.23408889182804,2.535016911603787
1.8250712695577477e-06,0.0006255999999999999,109.77536139999998,326.23408889182804,2.535016911603787
1.8624128812111035e-06,0.0006384,112.0214046,326.23408889182804,2.535016911603787
1.8670805826677728e-06,0.0006399999999999999,112.30215999999999,326.23408889182804,2.535016911603787
1.8764159855811118e-06,0.0006432,112.86367080000001,326.23408889182804,2.535016911603787
1.9090898957777977e-06,0.0006544,114.82895859999999,326.23408889182804,2.535016911603787
1.9207591494194713e-06,0.0006584,115.53084709999999,326.23408889182804,2.535016911603787
1.923093000147806e-06,0.0006592,115.67122479999999,326.23408889182804,2.535016911603787
1.9510992088878226e-06,0.0006688,117.3557572,326.23408889182804,2.535016911603787
2.0024439249111866e-06,0.0006864,120.4440666,326.23408889182804,2.535016911603787
2.0327839843795374e-06,0.0006967999999999999,122.26897669999998,326.23408889182804,2.535016911603787
2.086462551131236e-06,0.0007151999999999999,125.49766379999998,326.23408889182804,2.535016911603787
2.0934641033162405e-06,0.0007176,125.9187969,326.23408889182804,2.535016911603787
2.1098010584145836e-06,0.0007232,126.9014408,326.23408889182804,2.535016911603787
2.1191364613279222e-06,0.0007264,127.4629516,326.23408889182804,2.535016911603787
2.144808819339604e-06,0.0007352,129.0071063,326.23408889182804,2.535016911603787
2.1494765207962735e-06,0.0007368,129.2878617,326.23408889182804,2.535016911603787
2.1728150280796207e-06,0.0007448,130.6916387,326.23408889182804,2.535016911603787
2.17748272953629e-06,0.0007463999999999999,130.97239409999997,326.23408889182804,2.535016911603787
2.179816580264625e-06,0.0007472,131.1127718,326.23408889182804,2.535016911603787
2.2054889382763066e-06,0.0007559999999999999,132.6569265,326.23408889182804,2.535016911603787
2.238162848472993e-06,0.0007672,134.6222143,326.23408889182804,2.535016911603787
2.2544998035713356e-06,0.0007727999999999999,135.6048582,326.23408889182804,2.535016911603787
2.303510668866365e-06,0.0007896,138.5527899,326.23408889182804,2.535016911603787
2.308178370323034e-06,0.0007911999999999999,138.8335453,326.23408889182804,2.535016911603787
2.3198476239647077e-06,0.0007951999999999999,139.5354338,326.23408889182804,2.535016911603787
2.3408522805197204e-06,0.0008024,140.7988331,326.23408889182804,2.535016911603787
2.347853832704724e-06,0.0008047999999999999,141.2199662,326.23408889182804,2.535016911603787
2.3548553848897285e-06,0.0008072,141.6410993,326.23408889182804,2.535016911603787
2.3781938921730757e-06,0.0008152,143.0448763,326.23408889182804,2.535016911603787
2.3805277429014103e-06,0.000816,143.185254,326.23408889182804,2.535016911603787
2.4015323994564225e-06,0.0008232,144.4486533,326.23408889182804,2.535016911603787
2.438874011109778e-06,0.0008359999999999999,146.6946965,326.23408889182804,2.535016911603787
2.471547921306464e-06,0.0008472,148.6599843,326.23408889182804,2.535016911603787
2.473881772034799e-06,0.000848,148.800362,326.23408889182804,2.535016911603787
2.50422183150315e-06,0.0008583999999999999,150.6252721,326.23408889182804,2.535016911603787
2.5088895329598196e-06,0.00086,150.9060275,326.23408889182804,2.535016911603787
2.546231144613175e-06,0.0008728,153.1520707,326.23408889182804,2.535016911603787
2.562568099711518e-06,0.0008784,154.1347146,326.23408889182804,2.535016911603787
2.5742373533531917e-06,0.0008824,154.8366031,326.23408889182804,2.535016911603787
2.5765712040815267e-06,0.0008832,154.9769808,326.23408889182804,2.535016911603787
2.5882404577232003e-06,0.0008872,155.6788693,326.23408889182804,2.535016911603787
2.6279159201048902e-06,0.0009008,158.0652902,326.23408889182804,2.535016911603787
2.6652575317582456e-06,0.0009136,160.3113334,326.23408889182804,2.535016911603787
2.6722590839432497e-06,0.0009159999999999999,160.7324665,326.23408889182804,2.535016911603787
2.679260636128254e-06,0.0009184,161.1535996,326.23408889182804,2.535016911603787
2.6932637404982623e-06,0.0009232,161.9958658,326.23408889182804,2.535016911603787
2.7212699492382787e-06,0.0009327999999999999,163.68039819999998,326.23408889182804,2.535016911603787
2.7329392028799527e-06,0.0009368,164.3822867,326.23408889182804,2.535016911603787
2.7492761579782954e-06,0.0009423999999999999,165.36493059999998,326.23408889182804,2.535016911603787
2.760945411619969e-06,0.0009463999999999999,166.06681909999998,326.23408889182804,2.535016911603787
2.770280814533308e-06,0.0009496,166.6283299,326.23408889182804,2.535016911603787
2.7982870232733244e-06,0.0009592,168.3128623,326.23408889182804,2.535016911603787
2.8659686943950315e-06,0.0009824,172.3838156,326.23408889182804,2.535016911603787
2.8893072016783787e-06,0.0009904,173.7875926,326.23408889182804,2.535016911603787
2.9149795596900605e-06,0.0009992,175.3317473,326.23408889182804,2.535016911603787
2.917313410418395e-06,0.001,175.472125,326.23408889182804,2.535016911603787
2.9266488133317337e-06,0.0010031999999999999,176.03363579999998,326.23408889182804,2.535016911603787
3.015335141008453e-06,0.0010336,181.3679884,326.23408889182804,2.535016911603787
3.017668991736788e-06,0.0010344,181.5083661,326.23408889182804,2.535016911603787
3.0223366931934575e-06,0.001036,181.7891215,326.23408889182804,2.535016911603787
3.0433413497484698e-06,0.0010432,183.0525208,326.23408889182804,2.535016911603787
3.0480090512051393e-06,0.0010448,183.3332762,326.23408889182804,2.535016911603787
3.0690137077601515e-06,0.001052,184.5966755,326.23408889182804,2.535016911603787
3.0900183643151638e-06,0.0010592,184.70375456570292,326.23408889182804,2.535016911603787
3.0970199165001683e-06,0.0010616,184.71781509642318,326.23408889182804,2.535016911603787
3.1040214686851724e-06,0.001064,184.73186323559287,326.23408889182804,2.535016911603787
3.113356871598511e-06,0.0010672,184.75057487916544,326.23408889182804,2.535016911603787
3.174036990535214e-06,0.001088,184.87167153353192,326.23408889182804,2.535016911603787
3.1763708412635486e-06,0.0010888,184.876310979022,326.23408889182804,2.535016911603787
3.181038542720218e-06,0.0010904,184.8855858835744,326.23408889182804,2.535016911603787
3.2043770500035653e-06,0.0010984,184.93188102875226,326.23408889182804,2.535016911603787
3.211378602188569e-06,0.0011007999999999999,184.9457439052875,326.23408889182804,2.535016911603787
3.2277155572869125e-06,0.0011064,184.97804485799148,326.23408889182804,2.535016911603787
3.2393848109285857e-06,0.0011103999999999999,185.00107794188818,326.23408889182804,2.535016911603787
3.260389467483598e-06,0.0011175999999999998,185.04245611325175,326.23408889182804,2.535016911603787
3.2720587211252716e-06,0.0011216,185.0653990602377,326.23408889182804,2.535016911603787
3.2743925718536065e-06,0.0011224,185.0699838179513,326.23408889182804,2.535016911603787
3.2767264225819415e-06,0.0011232,185.0745673013904,326.23408889182804,2.535016911603787
3.3000649298652883e-06,0.0011312,185.12033232712946,326.23408889182804,2.535016911603787
3.3117341835069624e-06,0.0011352,185.1431674927035,326.23408889182804,2.535016911603787
3.32573728787697e-06,0.00114,185.17052831129175,326.23408889182804,2.535016911603787
3.337406541518644e-06,0.001144,185.19329468933788,326.23408889182804,2.535016911603787
3.3420742429753132e-06,0.0011455999999999999,185.2023925454055,326.23408889182804,2.535016911603787
3.3817497053570036e-06,0.0011592,185.2795252605753,326.23408889182804,2.535016911603787
3.388751257542008e-06,0.0011616,185.2931001995182,326.23408889182804,2.535016911603787
3.4190913170103585e-06,0.0011719999999999999,185.35179898652177,326.23408889182804,2.535016911603787
3.4424298242937058e-06,0.0011799999999999998,185.39681377332025,326.23408889182804,2.535016911603787
3.482105286675396e-06,0.0011936,185.47306670910783,326.23408889182804,2.535016911603787
3.5147791968720824e-06,0.0012048,185.53560914019346,326.23408889182804,2.535016911603787
3.5171130476004174e-06,0.0012056,185.54006776107246,326.23408889182804,2.535016911603787
3.519446898328752e-06,0.0012064,185.54452522824388,326.23408889182804,2.535016911603787
3.5287823012420905e-06,0.0012096,185.56234358109447,326.23408889182804,2.535016911603787
3.5381177041554296e-06,0.0012128,185.58014355938522,326.23408889182804,2.535016911603787
3.5777931665371195e-06,0.0012263999999999999,185.65559003345155,326.23408889182804,2.535016911603787
3.5847947187221236e-06,0.0012288,185.66887017512622,326.23408889182804,2.535016911603787
3.5964639723637976e-06,0.0012328,185.6909812872501,326.23408889182804,2.535016911603787
3.5987978230921318e-06,0.0012335999999999998,185.69540015019714,326.23408889182804,2.535016911603787
3.6641456434855043e-06,0.001256,185.81867826117318,326.23408889182804,2.535016911603787
3.6758148971271775e-06,0.0012599999999999998,185.84060167857734,326.23408889182804,2.535016911603787
3.7341611653355456e-06,0.0012799999999999999,185.949814239106,326.23408889182804,2.535016911603787
3.7411627175205496e-06,0.0012824,185.96287487389358,326.23408889182804,2.535016911603787
3.773836627717236e-06,0.0012936,186.02369890364722,326.23408889182804,2.535016911603787
3.804176687185587e-06,0.001304,186.07999471609875,326.23408889182804,2.535016911603787
3.867190656850624e-06,0.0013256,186.19636034730513,326.23408889182804,2.535016911603787
3.878859910492298e-06,0.0013296,186.21782814368558,326.23408889182804,2.535016911603787
3.911533820688983e-06,0.0013407999999999998,186.27780438686867,326.23408889182804,2.535016911603787
3.932538477243997e-06,0.001348,186.31625739089193,326.23408889182804,2.535016911603787
3.94887543234234e-06,0.0013536,186.34610993147496,326.23408889182804,2.535016911603787
3.951209283070674e-06,0.0013544,186.35037064488824,326.23408889182804,2.535016911603787
3.9838831932673604e-06,0.0013656,186.40991795192778,326.23408889182804,2.535016911603787
3.990884745452364e-06,0.0013679999999999999,186.42265327438358,326.23408889182804,2.535016911603787
4.151920445707459e-06,0.0014232,186.7132035312663,326.23408889182804,2.535016911603787
4.158921997892464e-06,0.0014256,186.72573547439353,326.23408889182804,2.535016911603787
4.212600564644163e-06,0.001444,186.82154185086335,326.23408889182804,2.535016911603787
4.252276027025853e-06,0.0014575999999999999,186.89204953319904,326.23408889182804,2.535016911603787
4.259277579210856e-06,0.00146,186.9044653854559,326.23408889182804,2.535016911603787
4.261611429939192e-06,0.0014608,186.9086022337095,326.23408889182804,2.535016911603787
4.266279131395861e-06,0.0014624,186.91687328050756,326.23408889182804,2.535016911603787
4.301286892320882e-06,0.0014743999999999998,186.97879403032118,326.23408889182804,2.535016911603787
4.3456300561592415e-06,0.0014896,187.05694555091935,326.23408889182804,2.535016911603787
4.3806378170842615e-06,0.0015015999999999999,187.11842464531844,326.23408889182804,2.535016911603787
4.408644025824279e-06,0.0015111999999999999,187.16747007275168,326.23408889182804,2.535016911603787
4.483327249130989e-06,0.0015367999999999998,187.29766744178627,326.23408889182804,2.535016911603787
4.490328801315993e-06,0.0015392,187.30982991528137,326.23408889182804,2.535016911603787
4.5370058158826875e-06,0.0015551999999999999,187.39072488665812,326.23408889182804,2.535016911603787
4.539339666611022e-06,0.0015559999999999999,187.39476109343465,326.23408889182804,2.535016911603787
4.548675069524361e-06,0.0015592,187.41089783396268,326.23408889182804,2.535016911603787
4.555676621709366e-06,0.0015616,187.42299191459495,326.23408889182804,2.535016911603787
4.583682830449383e-06,0.0015712,187.47129592292148,326.23408889182804,2.535016911603787
4.60702133773273e-06,0.0015792,187.51146139982166,326.23408889182804,2.535016911603787
4.628025994287742e-06,0.0015864,187.5475425318841,326.23408889182804,2.535016911603787
4.632693695744412e-06,0.001588,187.55555188164521,326.23408889182804,2.535016911603787
4.6490306508427545e-06,0.0015936,187.58355985493245,326.23408889182804,2.535016911603787
4.6583660537560935e-06,0.0015968,187.5995471770334,326.23408889182804,2.535016911603787
4.667701456669432e-06,0.0015999999999999999,187.61552200890446,326.23408889182804,2.535016911603787
4.6933738146811135e-06,0.0016087999999999999,187.65938867658105,326.23408889182804,2.535016911603787
4.772724739444494e-06,0.0016359999999999999,187.79438864836953,326.23408889182804,2.535016911603787
4.791395545271172e-06,0.0016424,187.8260257927807,326.23408889182804,2.535016911603787
4.793729395999506e-06,0.0016431999999999998,187.82997705244125,326.23408889182804,2.535016911603787
4.821735604739523e-06,0.0016527999999999998,187.8773337999505,326.23408889182804,2.535016911603787
4.8497418134795395e-06,0.0016623999999999999,187.92458339342738,326.23408889182804,2.535016911603787
4.866078768577883e-06,0.001668,187.9520965141113,326.23408889182804,2.535016911603787
4.919757335329581e-06,0.0016864,188.0422441875509,326.23408889182804,2.535016911603787
4.975769752809614e-06,0.0017055999999999998,188.1359032955547,326.23408889182804,2.535016911603787
4.982771304994618e-06,0.0017079999999999999,188.14758170360972,326.23408889182804,2.535016911603787
4.999108260092962e-06,0.0017136,188.17480646235947,326.23408889182804,2.535016911603787
5.003775961549631e-06,0.0017151999999999998,188.18257858887802,326.23408889182804,2.535016911603787
5.01311136446297e-06,0.0017184,188.19811436447998,326.23408889182804,2.535016911603787
5.036449871746317e-06,0.0017264,188.23690452208405,326.23408889182804,2.535016911603787
5.064456080486334e-06,0.001736,188.283360298392,326.23408889182804,2.535016911603787
5.0691237819430035e-06,0.0017376,188.29109317672194,326.23408889182804,2.535016911603787
5.073791483399673e-06,0.0017392,188.29882327854946,326.23408889182804,2.535016911603787
5.174147064718065e-06,0.0017736,188.46435555231184,326.23408889182804,2.535016911603787
5.227825631469764e-06,0.001792,188.55238185403906,326.23408889182804,2.535016911603787
5.239494885111437e-06,0.0017959999999999999,188.5714712814145,326.23408889182804,2.535016911603787
5.265167243123119e-06,0.0018047999999999999,188.6134097537751,326.23408889182804,2.535016911603787
5.279170347493128e-06,0.0018096,188.63625166785897,326.23408889182804,2.535016911603787
5.381859779539855e-06,0.0018448,188.8030429481946,326.23408889182804,2.535016911603787
5.421535241921545e-06,0.0018583999999999999,188.86715204413454,326.23408889182804,2.535016911603787
5.479881510129913e-06,0.0018784,188.96109873491204,326.23408889182804,2.535016911603787
5.484549211586583e-06,0.00188,188.96859757565556,326.23408889182804,2.535016911603787
5.491550763771587e-06,0.0018824,188.97984117163213,326.23408889182804,2.535016911603787
5.50788771886993e-06,0.001888,189.00605450963826,326.23408889182804,2.535016911603787
5.54756318125162e-06,0.0019015999999999998,189.06958954985413,326.23408889182804,2.535016911603787
5.554564733436624e-06,0.0019039999999999999,189.08078319522366,326.23408889182804,2.535016911603787
5.5685678378066325e-06,0.0019088,189.1031539913637,326.23408889182804,2.535016911603787
5.573235539263302e-06,0.0019103999999999998,189.110606046565,326.23408889182804,2.535016911603787
5.622246404558331e-06,0.0019272,189.1887062309116,326.23408889182804,2.535016911603787
5.624580255286665e-06,0.0019279999999999998,189.1924186500499,326.23408889182804,2.535016911603787
5.661921866940021e-06,0.0019408,189.2517358935113,326.23408889182804,2.535016911603787
5.70626503077838e-06,0.001956,189.32197732114682,326.23408889182804,2.535016911603787
5.7156004336917194e-06,0.0019592,189.33673782809817,326.23408889182804,2.535016911603787
5.776280552628422e-06,0.00198,189.43245296110732,326.23408889182804,2.535016911603787
5.797285209183434e-06,0.0019871999999999997,189.4654936534385,326.23408889182804,2.535016911603787
5.8369606715651255e-06,0.0020008,189.52777674573392,326.23408889182804,2.535016911603787
5.843962223750129e-06,0.0020032,189.5387507185324,326.23408889182804,2.535016911603787
5.860299178848472e-06,0.0020088,189.56433673372027,326.23408889182804,2.535016911603787
5.869634581761811e-06,0.002012,189.5789448241879,326.23408889182804,2.535016911603787
5.888305387588489e-06,0.0020184,189.6081338502799,326.23408889182804,2.535016911603787
5.91864544705684e-06,0.0020288,189.65548914991393,326.23408889182804,2.535016911603787
5.9209792977851745e-06,0.0020296,189.659127939203,326.23408889182804,2.535016911603787
5.923313148513509e-06,0.0020304,189.6627661691626,326.23408889182804,2.535016911603787
5.9699901630802034e-06,0.0020464,189.7354137787867,326.23408889182804,2.535016911603787
6.0143333269185625e-06,0.0020616,189.8042240969483,326.23408889182804,2.535016911603787
6.030670282016906e-06,0.0020672,189.8295253546228,326.23408889182804,2.535016911603787
6.058676490756922e-06,0.0020767999999999997,189.8728368374637,326.23408889182804,2.535016911603787
6.0726795951269305e-06,0.0020816,189.8944632935549,326.23408889182804,2.535016911603787
6.100685803866948e-06,0.0020912,189.93765794749277,326.23408889182804,2.535016911603787
6.110021206780286e-06,0.0020943999999999997,189.95203897112464,326.23408889182804,2.535016911603787
6.154364370618647e-06,0.0021096,190.02023215306858,326.23408889182804,2.535016911603787
6.159032072075315e-06,0.0021111999999999997,190.0273992179639,326.23408889182804,2.535016911603787
6.173035176445324e-06,0.002116,190.04888771337346,326.23408889182804,2.535016911603787
6.2290475939253565e-06,0.0021352,190.13465226865952,326.23408889182804,2.535016911603787
6.261721504122042e-06,0.0021463999999999997,190.18454269621054,326.23408889182804,2.535016911603787
6.322401623058745e-06,0.0021671999999999998,190.27692781215748,326.23408889182804,2.535016911603787
6.3270693245154145e-06,0.0021688,190.2840200041149,326.23408889182804,2.535016911603787
6.3317370259720845e-06,0.0021704,190.2911101558235,326.23408889182804,2.535016911603787
6.418089502920468e-06,0.0021999999999999997,190.42191250933598,326.23408889182804,2.535016911603787
6.436760308747146e-06,0.0022064,190.45010364937326,326.23408889182804,2.535016911603787
6.511443532053858e-06,0.002232,190.56255075202424,326.23408889182804,2.535016911603787
6.544117442250543e-06,0.0022432,190.6115880716538,326.23408889182804,2.535016911603787
6.583792904632233e-06,0.0022567999999999998,190.67100520525895,326.23408889182804,2.535016911603787
6.600129859730577e-06,0.0022624,190.6954304761256,326.23408889182804,2.535016911603787
6.658476127938945e-06,0.0022824,190.78247176297984,326.23408889182804,2.535016911603787
6.705153142505639e-06,0.0022984,190.85189081085971,326.23408889182804,2.535016911603787
6.716822396147313e-06,0.0023024,190.86921609329153,326.23408889182804,2.535016911603787
6.719156246875648e-06,0.0023032,190.8726797406901,326.23408889182804,2.535016911603787
6.7518301570723336e-06,0.0023144,190.92112164452962,326.23408889182804,2.535016911603787
6.784504067269019e-06,0.0023255999999999997,190.96947220906992,326.23408889182804,2.535016911603787
6.803174873095697e-06,0.002332,190.99706032898948,326.23408889182804,2.535016911603787
6.807842574552366e-06,0.0023336,191.00395274324106,326.23408889182804,2.535016911603787
6.819511828194041e-06,0.0023376,191.02117572058194,326.23408889182804,2.535016911603787
6.877858096402409e-06,0.0023576,191.1071188019008,326.23408889182804,2.535016911603787
6.931536663154107e-06,0.002376,191.18593564201063,326.23408889182804,2.535016911603787
6.936204364610775e-06,0.0023775999999999997,191.19277801067412,326.23408889182804,2.535016911603787
6.975879826992467e-06,0.0023912,191.25086581829868,326.23408889182804,2.535016911603787
6.999218334275813e-06,0.0023991999999999998,191.28497493030238,326.23408889182804,2.535016911603787
7.0552307517558465e-06,0.0024184,191.36665633060332,326.23408889182804,2.535016911603787
7.069233856125855e-06,0.0024232,191.3870371158515,326.23408889182804,2.535016911603787
7.10657546777921e-06,0.002436,191.44130904886794,326.23408889182804,2.535016911603787
7.143917079432565e-06,0.0024487999999999997,191.49546987779274,326.23408889182804,2.535016911603787
7.1975956461842636e-06,0.0024671999999999997,191.57313303685962,326.23408889182804,2.535016911603787
7.211598750554272e-06,0.002472,191.59335580050688,326.23408889182804,2.535016911603787
7.213932601282607e-06,0.0024728,191.59672477166885,326.23408889182804,2.535016911603787
7.216266452010942e-06,0.0024736,191.6000933177852,326.23408889182804,2.535016911603787
7.218600302739276e-06,0.0024744,191.60346143904707,326.23408889182804,2.535016911603787
7.227935705652615e-06,0.0024776,191.61692967936548,326.23408889182804,2.535016911603787
7.269945018762641e-06,0.002492,191.6774530034739,326.23408889182804,2.535016911603787
7.276946570947644e-06,0.0024944,191.6875269487368,326.23408889182804,2.535016911603787
7.332958988427678e-06,0.0025136,191.76798287349388,326.23408889182804,2.535016911603787
7.335292839156012e-06,0.0025144,191.77132999241968,326.23408889182804,2.535016911603787
7.337626689884348e-06,0.0025152,191.7746766960431,326.23408889182804,2.535016911603787
7.339960540612682e-06,0.002516,191.77802298454765,326.23408889182804,2.535016911603787
7.351629794254355e-06,0.0025199999999999997,191.79474820670495,326.23408889182804,2.535016911603787
7.360965197167694e-06,0.0025231999999999997,191.8081209309682,326.23408889182804,2.535016911603787
7.365632898624363e-06,0.0025248,191.81480481262778,326.23408889182804,2.535016911603787
7.388971405907711e-06,0.0025328,191.84819947438012,326.23408889182804,2.535016911603787
7.412309913191058e-06,0.0025407999999999997,191.88155302455465,326.23408889182804,2.535016911603787
7.440316121931075e-06,0.0025504,191.92152327057005,326.23408889182804,2.535016911603787
7.479991584312765e-06,0.002564,191.9780474890742,326.23408889182804,2.535016911603787
7.486993136497769e-06,0.0025664,191.98801020121616,326.23408889182804,2.535016911603787
7.500996240867777e-06,0.0025712,192.00792473160433,326.23408889182804,2.535016911603787
7.561676359804479e-06,0.0025919999999999997,192.09405402661216,326.23408889182804,2.535016911603787
7.564010210532814e-06,0.0025927999999999997,192.09736129785793,326.23408889182804,2.535016911603787
7.580347165631157e-06,0.0025984,192.12050106350395,326.23408889182804,2.535016911603787
7.582681016359492e-06,0.0025992,192.1238051559142,326.23408889182804,2.535016911603787
7.603685672914505e-06,0.0026064,192.15352416141323,326.23408889182804,2.535016911603787
7.61068722509951e-06,0.0026088,192.16342337928813,326.23408889182804,2.535016911603787
7.64102728456786e-06,0.0026192,192.20627901376344,326.23408889182804,2.535016911603787
7.648028836752864e-06,0.0026216,192.21615934493488,326.23408889182804,2.535016911603787
7.66669964257954e-06,0.0026279999999999997,192.24248966386557,326.23408889182804,2.535016911603787
7.671367344036212e-06,0.0026295999999999997,192.2490683346772,326.23408889182804,2.535016911603787
7.701707403504563e-06,0.00264,192.29179170630348,326.23408889182804,2.535016911603787
7.704041254232897e-06,0.0026408,192.2950753982482,326.23408889182804,2.535016911603787
7.722712060059575e-06,0.0026471999999999997,192.32133098194768,326.23408889182804,2.535016911603787
7.753052119527927e-06,0.0026576,192.36394356735565,326.23408889182804,2.535016911603787
7.781058328267943e-06,0.0026671999999999998,192.40322057415165,326.23408889182804,2.535016911603787
7.783392178996277e-06,0.002668,192.4064911673071,326.23408889182804,2.535016911603787
7.811398387736295e-06,0.0026776,192.44570849989032,326.23408889182804,2.535016911603787
7.820733790649633e-06,0.0026807999999999997,192.45876875324703,326.23408889182804,2.535016911603787
7.841738447204645e-06,0.002688,192.4881321138995,326.23408889182804,2.535016911603787
7.879080058858001e-06,0.0027007999999999997,192.54025801742304,326.23408889182804,2.535016911603787
7.918755521239691e-06,0.0027144,192.5955363342654,326.23408889182804,2.535016911603787
7.953763282164712e-06,0.0027264,192.644221681316,326.23408889182804,2.535016911603787
7.958430983621381e-06,0.002728,192.65070674093016,326.23408889182804,2.535016911603787
7.965432535806385e-06,0.0027304,192.66043154969805,326.23408889182804,2.535016911603787
7.979435640176393e-06,0.0027351999999999997,192.67987117181949,326.23408889182804,2.535016911603787
7.986437192361397e-06,0.0027375999999999998,192.68958599330085,326.23408889182804,2.535016911603787
8.040115759113096e-06,0.0027559999999999998,192.76395625850344,326.23408889182804,2.535016911603787
8.084458922951455e-06,0.0027711999999999997,192.82524661889065,326.23408889182804,2.535016911603787
8.201151459368191e-06,0.0028112,192.98591378925167,326.23408889182804,2.535016911603787
8.210486862281531e-06,0.0028144,192.99872851895736,326.23408889182804,2.535016911603787
8.226823817379874e-06,0.00282,193.02114063088806,326.23408889182804,2.535016911603787
8.231491518836543e-06,0.0028216,193.02754090247174,326.23408889182804,2.535016911603787
8.243160772478217e-06,0.0028255999999999997,193.04353539205934,326.23408889182804,2.535016911603787
8.252496175391555e-06,0.0028288,193.05632462670295,326.23408889182804,2.535016911603787
8.292171637773245e-06,0.0028423999999999997,193.11061604768665,326.23408889182804,2.535016911603787
8.29917318995825e-06,0.0028447999999999998,193.12018636072787,326.23408889182804,2.535016911603787
8.306174742143254e-06,0.0028472,193.12975352544908,326.23408889182804,2.535016911603787
8.331847100154936e-06,0.002856,193.16480625332343,326.23408889182804,2.535016911603787
8.394861069819974e-06,0.0028775999999999997,193.25066665892848,326.23408889182804,2.535016911603787
8.399528771276643e-06,0.0028791999999999997,193.2570166724611,326.23408889182804,2.535016911603787
8.415865726374985e-06,0.0028848,193.27923089024532,326.23408889182804,2.535016911603787
8.448539636571671e-06,0.0028959999999999997,193.32360893686968,326.23408889182804,2.535016911603787
8.509219755508374e-06,0.0029167999999999998,193.40584813164287,326.23408889182804,2.535016911603787
8.572233725173411e-06,0.0029384,193.49100865450416,326.23408889182804,2.535016911603787
8.593238381728425e-06,0.0029456,193.51934119554886,326.23408889182804,2.535016911603787
8.595572232456759e-06,0.0029464,193.52248758755647,326.23408889182804,2.535016911603787
8.688926261590148e-06,0.0029784,193.6480714084682,326.23408889182804,2.535016911603787
8.691260112318483e-06,0.0029792,193.65120424312977,326.23408889182804,2.535016911603787
8.723934022515168e-06,0.0029904,193.69502953638286,326.23408889182804,2.535016911603787
8.751940231255185e-06,0.003,193.732543147615,326.23408889182804,2.535016911603787
8.789281842908541e-06,0.0030128,193.7824885506557,326.23408889182804,2.535016911603787
8.821955753105226e-06,0.0030239999999999998,193.82612293180034,326.23408889182804,2.535016911603787
8.824289603833562e-06,0.0030248,193.8292372594411,326.23408889182804,2.535016911603787
8.847628111116909e-06,0.0030328,193.86036288831403,326.23408889182804,2.535016911603787
8.849961961845243e-06,0.0030336,193.8634736890376,326.23408889182804,2.535016911603787
8.86863276767192e-06,0.0030399999999999997,193.8883485874187,326.23408889182804,2.535016911603787
8.889637424226933e-06,0.0030472,193.9163084484811,326.23408889182804,2.535016911603787
8.898972827140273e-06,0.0030504,193.92872678190722,326.23408889182804,2.535016911603787
8.940982140250298e-06,0.0030648,193.98454652849938,326.23408889182804,2.535016911603787
8.943315990978632e-06,0.0030656,193.9876446230023,326.23408889182804,2.535016911603787
8.99699455773033e-06,0.003084,194.05881400688585,326.23408889182804,2.535016911603787
9.085680885407049e-06,0.0031144,194.17603645692427,326.23408889182804,2.535016911603787
9.134691750702078e-06,0.0031311999999999998,194.24062581244777,326.23408889182804,2.535016911603787
9.202373421823785e-06,0.0031544,194.3295988875914,326.23408889182804,2.535016911603787
9.256051988575484e-06,0.0031728,194.3999824032154,326.23408889182804,2.535016911603787
9.265387391488824e-06,0.003176,194.41220674704613,326.23408889182804,2.535016911603787
9.286392048043835e-06,0.0031831999999999997,194.4396939714729,326.23408889182804,2.535016911603787
9.298061301685509e-06,0.0031872,194.45495417420008,326.23408889182804,2.535016911603787
9.321399808968856e-06,0.0031952,194.4854521904603,326.23408889182804,2.535016911603787
9.382079927905558e-06,0.0032159999999999997,194.564607986644,326.23408889182804,2.535016911603787
9.419421539558914e-06,0.0032288,194.61322001599476,326.23408889182804,2.535016911603787
9.442760046842261e-06,0.0032367999999999997,194.64356437113378,326.23408889182804,2.535016911603787
9.44742774829893e-06,0.0032384,194.64962973070996,326.23408889182804,2.535016911603787
9.468432404853942e-06,0.0032456,194.67690939885094,326.23408889182804,2.535016911603787
9.470766255582278e-06,0.0032464,194.6799390154991,326.23408889182804,2.535016911603787
9.477767807767282e-06,0.0032488,194.6890261189319,326.23408889182804,2.535016911603787
9.489437061408954e-06,0.0032527999999999997,194.7041654755894,326.23408889182804,2.535016911603787
9.510441717963968e-06,0.00326,194.73139803347857,326.23408889182804,2.535016911603787
9.552451031073993e-06,0.0032744,194.78579288101093,326.23408889182804,2.535016911603787
9.601461896369021e-06,0.0032911999999999998,194.84913576386762,326.23408889182804,2.535016911603787
9.678478970404067e-06,0.0033176,194.94842039939059,326.23408889182804,2.535016911603787
9.692482074774075e-06,0.0033223999999999997,194.96643899826847,326.23408889182804,2.535016911603787
9.697149776230744e-06,0.0033239999999999997,194.9724429414015,326.23408889182804,2.535016911603787
9.715820582057423e-06,0.0033304,194.99644745158253,326.23408889182804,2.535016911603787
9.72982368642743e-06,0.0033352,195.0144390298021,326.23408889182804,2.535016911603787
9.760163745895782e-06,0.0033456,195.05338617603653,326.23408889182804,2.535016911603787
9.774166850265792e-06,0.0033504,195.07134585397333,326.23408889182804,2.535016911603787
9.781168402450794e-06,0.0033528,195.0803219297018,326.23408889182804,2.535016911603787
9.81851001410415e-06,0.0033656,195.1281520791796,326.23408889182804,2.535016911603787
9.844182372115833e-06,0.0033744,195.16099416183573,326.23408889182804,2.535016911603787
9.9025286403242e-06,0.0033943999999999997,195.23551128716431,326.23408889182804,2.535016911603787
9.918865595422542e-06,0.0034,195.25634537211852,326.23408889182804,2.535016911603787
1.0047227385480954e-05,0.003444,195.41957865247994,326.23408889182804,2.535016911603787
1.005656278839429e-05,0.0034471999999999997,195.4314183417328,326.23408889182804,2.535016911603787
1.0061230489850961e-05,0.0034487999999999997,195.43733657892028,326.23408889182804,2.535016911603787
1.0079901295677639e-05,0.0034552,195.46099882752077,326.23408889182804,2.535016911603787
1.0096238250775982e-05,0.0034608,195.48168927670216,326.23408889182804,2.535016911603787
1.0112575205874324e-05,0.0034663999999999997,195.50236667291622,326.23408889182804,2.535016911603787
1.014058141461434e-05,0.003476,195.53778335407188,326.23408889182804,2.535016911603787
1.0170921474082693e-05,0.0034863999999999997,195.57610840483244,326.23408889182804,2.535016911603787
1.022460004083439e-05,0.0035047999999999998,195.64380521912273,326.23408889182804,2.535016911603787
1.0236269294476065e-05,0.0035088,195.65850356040193,326.23408889182804,2.535016911603787
1.0243270846661068e-05,0.0035112,195.667319428485,326.23408889182804,2.535016911603787
1.0245604697389403e-05,0.003512,195.67025752889538,326.23408889182804,2.535016911603787
1.0254940100302743e-05,0.0035152,195.68200732132132,326.23408889182804,2.535016911603787
1.026427550321608e-05,0.0035183999999999997,195.69375294296313,326.23408889182804,2.535016911603787
1.0289947861227762e-05,0.0035272,195.72603193987047,326.23408889182804,2.535016911603787
1.0306284816326107e-05,0.0035328,195.74655676797892,326.23408889182804,2.535016911603787
1.031328636851111e-05,0.0035351999999999996,195.75534923819203,326.23408889182804,2.535016911603787
1.0320287920696114e-05,0.0035375999999999997,195.7641393807678,326.23408889182804,2.535016911603787
1.0322621771424448e-05,0.0035383999999999997,195.76706891141973,326.23408889182804,2.535016911603787
1.034829412943613e-05,0.0035472,195.79927671853824,326.23408889182804,2.535016911603787
1.0355295681621135e-05,0.0035496,195.80805525577688,326.23408889182804,2.535016911603787
1.036229723380614e-05,0.003552,195.8168314784932,326.23408889182804,2.535016911603787
1.0366964935262808e-05,0.0035535999999999996,195.82268100886515,326.23408889182804,2.535016911603787
1.0376300338176147e-05,0.0035567999999999997,195.8343769890494,326.23408889182804,2.535016911603787
1.0385635741089487e-05,0.00356,195.84606886610015,326.23408889182804,2.535016911603787
1.043231275565618e-05,0.0035759999999999998,195.9044668833676,326.23408889182804,2.535016911603787
1.0460318964396197e-05,0.0035856,195.9394567824855,326.23408889182804,2.535016911603787
1.0467320516581202e-05,0.003588,195.94819854623645,326.23408889182804,2.535016911603787
1.0469654367309536e-05,0.0035887999999999996,195.95111196067924,326.23408889182804,2.535016911603787
1.048132362095121e-05,0.0035927999999999997,195.965675235368,326.23408889182804,2.535016911603787
1.0488325173136214e-05,0.0035952,195.97441016498192,326.23408889182804,2.535016911603787
1.0530334486246237e-05,0.0036095999999999997,196.02677206615581,326.23408889182804,2.535016911603787
1.059101460518294e-05,0.0036303999999999998,196.10226232741587,326.23408889182804,2.535016911603787
1.060035000809628e-05,0.0036336,196.11386122518044,326.23408889182804,2.535016911603787
1.0626022366107962e-05,0.0036423999999999996,196.14573767089033,326.23408889182804,2.535016911603787
1.0656362425576313e-05,0.0036528,196.18337113707958,326.23408889182804,2.535016911603787
1.0696037887958003e-05,0.0036663999999999998,196.23252113961226,326.23408889182804,2.535016911603787
1.0707707141599677e-05,0.0036704,196.24696348437158,326.23408889182804,2.535016911603787
1.0745048753253031e-05,0.0036831999999999998,196.2931377926222,326.23408889182804,2.535016911603787
1.0752050305438036e-05,0.0036856,196.30178850387594,326.23408889182804,2.535016911603787
1.0794059618548061e-05,0.0036999999999999997,196.3536467108062,326.23408889182804,2.535016911603787
1.0796393469276397e-05,0.0037007999999999997,196.35652541219517,326.23408889182804,2.535016911603787
1.0920087557878135e-05,0.0037432,196.50875110450522,326.23408889182804,2.535016911603787
1.0922421408606471e-05,0.003744,196.51161680447075,326.23408889182804,2.535016911603787
1.0943426065161483e-05,0.0037511999999999997,196.53739736673467,326.23408889182804,2.535016911603787
1.0948093766618152e-05,0.0037527999999999997,196.5431237589801,326.23408889182804,2.535016911603787
1.0957429169531492e-05,0.003756,196.5545736877901,326.23408889182804,2.535016911603787
1.0994770781184846e-05,0.0037687999999999997,196.60033540980743,326.23408889182804,2.535016911603787
1.1008773885554855e-05,0.0037736,196.61748042344612,326.23408889182804,2.535016911603787
1.1022776989924864e-05,0.0037784,196.634616933927,326.23408889182804,2.535016911603787
1.1027444691381533e-05,0.00378,196.64032721709253,326.23408889182804,2.535016911603787
1.104611549720821e-05,0.0037863999999999997,196.6631589295733,326.23408889182804,2.535016911603787
1.1064786303034888e-05,0.0037928,196.68597559630945,326.23408889182804,2.535016911603787
1.109512636250324e-05,0.0038031999999999996,196.7230206808632,326.23408889182804,2.535016911603787
1.1116131019058251e-05,0.0038104,196.74864413771928,326.23408889182804,2.535016911603787
1.1144137227798268e-05,0.0038199999999999996,196.7827793931163,326.23408889182804,2.535016911603787
1.1151138779983272e-05,0.0038223999999999997,196.7913079774392,326.23408889182804,2.535016911603787
1.1158140332168277e-05,0.0038247999999999997,196.79983447360328,326.23408889182804,2.535016911603787
1.1188480391636629e-05,0.0038352,196.8367585381822,326.23408889182804,2.535016911603787
1.1204817346734971e-05,0.0038407999999999997,196.8566245514651,326.23408889182804,2.535016911603787
1.1207151197463305e-05,0.0038415999999999997,196.85946163093212,326.23408889182804,2.535016911603787
1.1265497465671675e-05,0.0038615999999999998,196.9303139080888,326.23408889182804,2.535016911603787
1.1270165167128344e-05,0.0038632,196.93597590032525,326.23408889182804,2.535016911603787
1.1281834420770017e-05,0.0038672,196.9501268812412,326.23408889182804,2.535016911603787
1.129817137586836e-05,0.0038728,196.96992866817754,326.23408889182804,2.535016911603787
1.130283907732503e-05,0.0038743999999999996,196.9755842701242,326.23408889182804,2.535016911603787
1.1358851494805062e-05,0.0038935999999999997,197.04338060000836,326.23408889182804,2.535016911603787
1.138219000208841e-05,0.0039016,197.07159057534224,326.23408889182804,2.535016911603787
1.138685770354508e-05,0.0039032,197.07722986238568,326.23408889182804,2.535016911603787
1.141253006155676e-05,0.003912,197.1082298410276,326.23408889182804,2.535016911603787
1.1419531613741767e-05,0.0039144,197.11667965912832,326.23408889182804,2.535016911603787
1.1424199315198436e-05,0.003916,197.12231174872545,326.23408889182804,2.535016911603787
1.142653316592677e-05,0.0039168,197.12512745697435,326.23408889182804,2.535016911603787
1.1435868568840108e-05,0.00392,197.13638804779066,326.23408889182804,2.535016911603787
1.144287012102511e-05,0.0039223999999999995,197.14483113839557,326.23408889182804,2.535016911603787
1.1473210180493464e-05,0.0039328,197.18139460730634,326.23408889182804,2.535016911603787
1.149654868777681e-05,0.0039407999999999995,197.20949469869157,326.23408889182804,2.535016911603787
1.1503550239961816e-05,0.0039432,197.21792038673658,326.23408889182804,2.535016911603787
1.1510551792146819e-05,0.0039456,197.2263440750076,326.23408889182804,2.535016911603787
1.1552561105256844e-05,0.00396,197.2768443038832,326.23408889182804,2.535016911603787
1.1582901164725196e-05,0.0039704,197.3132721615357,326.23408889182804,2.535016911603787
1.1603905821280208e-05,0.0039775999999999995,197.3384696511129,326.23408889182804,2.535016911603787
1.1620242776378552e-05,0.0039832,197.35805540255365,326.23408889182804,2.535016911603787
1.1627244328563555e-05,0.0039856,197.36644600827952,326.23408889182804,2.535016911603787
1.1837324508287002e-05,0.004057611522304461,197.61729533892932,326.23408889182804,2.535016911603787
1.2005395374900425e-05,0.004115223044608922,197.81673487490744,326.23408889182804,2.535016911603787
1.2117442619309373e-05,0.004153630726145229,197.94908994345954,326.23408889182804,2.535016911603787
1.2173466241513847e-05,0.004172834566913383,198.0150884262272,326.23408889182804,2.535016911603787
1.3125867818989908e-05,0.004499299859971995,199.11954545551612,326.23408889182804,2.535016911603787
1.3237915063398856e-05,0.004537707541508302,199.24739362148762,326.23408889182804,2.535016911603787
1.3518033174421226e-05,0.00463372674534907,199.56518139271972,326.23408889182804,2.535016911603787
1.385417490764807e-05,0.004748949789957992,199.94315645263296,326.23408889182804,2.535016911603787
1.4190316640874915e-05,0.004864172834566914,200.3175713725818,326.23408889182804,2.535016911603787
1.424634026307939e-05,0.004883376675335067,200.3796360258619,326.23408889182804,2.535016911603787
1.4358387507488338e-05,0.004921784356871375,200.50348050743432,326.23408889182804,2.535016911603787
1.50866945961465e-05,0.005171434286857372,201.29947340815315,326.23408889182804,2.535016911603787
1.5310789084964397e-05,0.0052482496499299865,201.5413602575485,326.23408889182804,2.535016911603787
1.547885995157782e-05,0.0053058611722344474,201.72187030777738,326.23408889182804,2.535016911603787
1.6431261529053878e-05,0.005632326465293058,202.7306784973511,326.23408889182804,2.535016911603787
1.6487285151258352e-05,0.005651530306061212,202.78929974670407,326.23408889182804,2.535016911603787
1.7663781217552308e-05,0.0060548109621924385,204.00295412944482,326.23408889182804,2.535016911603787
1.8560159172823893e-05,0.006362072414482897,204.9065880124391,326.23408889182804,2.535016911603787
1.867220641723284e-05,0.006400480096019204,205.01833301668177,326.23408889182804,2.535016911603787
1.8840277283846264e-05,0.006458091618323665,205.18546142759615,326.23408889182804,2.535016911603787
1.9400513505891004e-05,0.006650130026005201,205.7384036533383,326.23408889182804,2.535016911603787
2.0128820594549167e-05,0.0068997799559911985,206.44800573467307,326.23408889182804,2.535016911603787
2.2705907215954975e-05,0.007783156631326265,208.88220660406398,326.23408889182804,2.535016911603787
2.3098072571386293e-05,0.00791758351670334,209.24295588492112,326.23408889182804,2.535016911603787
2.321011981579524e-05,0.007955991198239648,209.345587339295,326.23408889182804,2.535016911603787
2.3770356037839982e-05,0.008148029605921184,209.8558744525507,326.23408889182804,2.535016911603787
2.4610710370907093e-05,0.008436087217443489,210.61259667745193,326.23408889182804,2.535016911603787
2.5058899348542886e-05,0.008589717943588718,211.0120578767709,326.23408889182804,2.535016911603787
2.511492297074736e-05,0.008608921784356871,211.06179386561456,326.23408889182804,2.535016911603787
2.550708832617868e-05,0.008743348669733947,211.40874222766158,326.23408889182804,2.535016911603787
2.5619135570587627e-05,0.008781756351270254,211.50748741666615,326.23408889182804,2.535016911603787
2.5731182814996575e-05,0.008820164032806561,211.60606431944134,326.23408889182804,2.535016911603787
2.5899253681609997e-05,0.008877775555111022,211.75361636035498,326.23408889182804,2.535016911603787
2.6571537148063686e-05,0.009108221644328866,212.34012799434902,326.23408889182804,2.535016911603787
2.7243820614517375e-05,0.00933866773354671,212.9208800433077,326.23408889182804,2.535016911603787
2.842031668081133e-05,0.009741948389677936,213.923922229116,326.23408889182804,2.535016911603787
2.8644411169629227e-05,0.00981876375275055,214.1131278285439,326.23408889182804,2.535016911603787
3.0101025346945556e-05,0.010318063612722545,215.3291860715657,326.23408889182804,2.535016911603787
3.0325119835763452e-05,0.01039487897579516,215.51421500061215,326.23408889182804,2.535016911603787
3.0941379680012664e-05,0.010606121224244848,216.02031515544664,326.23408889182804,2.535016911603787
3.1109450546626086e-05,0.01066373274654931,216.1576582381591,326.23408889182804,2.535016911603787
3.200582850189767e-05,0.010970994198839769,216.88532452000845,326.23408889182804,2.535016911603787
3.2061852124102145e-05,0.01099019803960792,216.9305379682764,326.23408889182804,2.535016911603787
3.2173899368511094e-05,0.011028605721144228,217.02087253597983,326.23408889182804,2.535016911603787
3.295823007937373e-05,0.011297459491898379,217.64981421983768,326.23408889182804,2.535016911603787
3.301425370157821e-05,0.011316663332666534,217.69451399449864,326.23408889182804,2.535016911603787
3.49750804787348e-05,0.01198879775955191,219.24085614749234,326.23408889182804,2.535016911603787
3.5087127723143745e-05,0.012027205441088217,219.32818308236202,326.23408889182804,2.535016911603787
3.6991930878095864e-05,0.01268013602720544,220.79649250757,326.23408889182804,2.535016911603787
3.760819072234508e-05,0.012891378275655131,221.26518042233135,326.23408889182804,2.535016911603787
3.788830883336745e-05,0.012987397479495899,221.47722926062698,326.23408889182804,2.535016911603787
3.80003560777764e-05,0.013025805161032206,221.56187749356565,326.23408889182804,2.535016911603787
3.8224450566594294e-05,0.013102620524104821,221.73088250096305,326.23408889182804,2.535016911603787
3.9737088366115094e-05,0.013621124224844969,222.86172466080419,326.23408889182804,2.535016911603787
4.040937183256878e-05,0.013851570314062813,223.35891871145947,326.23408889182804,2.535016911603787
4.052141907697773e-05,0.01388997799559912,223.4414697432919,326.23408889182804,2.535016911603787
4.0969608054613523e-05,0.01404360872174435,223.77078751357294,326.23408889182804,2.535016911603787
4.1025631676818e-05,0.014062812562512503,223.81185321638463,326.23408889182804,2.535016911603787
4.164189152106721e-05,0.014274054810962193,224.26214192399448,326.23408889182804,2.535016911603787
4.214610412090748e-05,0.014446889377875576,224.62862999148635,326.23408889182804,2.535016911603787
4.2482245854134323e-05,0.014562112422484497,224.87200584633158,326.23408889182804,2.535016911603787
4.281838758736117e-05,0.01467733546709342,225.11463181982705,326.23408889182804,2.535016911603787
4.38268127870417e-05,0.015023004600920185,225.83809140088903,326.23408889182804,2.535016911603787
4.444307263129092e-05,0.015234246849369875,226.27701053058684,326.23408889182804,2.535016911603787
4.5787639564198294e-05,0.01569513902780556,227.226496510444,326.23408889182804,2.535016911603787
4.645992303065198e-05,0.015925585117023404,227.69715698714162,326.23408889182804,2.535016911603787
4.8588820674422e-05,0.016655331066213242,229.17035460336183,326.23408889182804,2.535016911603787
5.010145847394279e-05,0.01717383476695339,230.20183929473944,326.23408889182804,2.535016911603787
5.088578918480544e-05,0.017442688537707543,230.73189713751714,326.23408889182804,2.535016911603787
5.122193091803228e-05,0.01755791158231646,230.9580883043173,326.23408889182804,2.535016911603787
5.1333978162441234e-05,0.017596319263852772,231.03335661780906,326.23408889182804,2.535016911603787
5.195023800669044e-05,0.01780756151230246,231.44619270160703,326.23408889182804,2.535016911603787
5.200626162889492e-05,0.017826765353070616,231.48362829141286,326.23408889182804,2.535016911603787
5.2118308873303864e-05,0.01786517303460692,231.5584523213801,326.23408889182804,2.535016911603787
5.267854509534861e-05,0.01805721144228846,231.93163554933136,326.23408889182804,2.535016911603787
5.329480493959782e-05,0.018268453690738148,232.34035388809772,326.23408889182804,2.535016911603787
5.33508285618023e-05,0.018287657531506303,232.3774184628199,326.23408889182804,2.535016911603787
5.374299391723361e-05,0.018422084416883377,232.63644678562332,326.23408889182804,2.535016911603787
5.553574982777679e-05,0.019036607321464293,233.8113130417156,326.23408889182804,2.535016911603787
5.59279151832081e-05,0.019171034206841367,234.0663325138816,326.23408889182804,2.535016911603787
5.6376104160843894e-05,0.019324664932986596,234.35693093887278,326.23408889182804,2.535016911603787
5.7496576604933376e-05,0.01970874174834967,235.07951268051087,326.23408889182804,2.535016911603787
5.777669471595575e-05,0.01980476095219044,235.25929744525618,326.23408889182804,2.535016911603787
5.839295456020496e-05,0.020016003200640127,235.65363165582664,326.23408889182804,2.535016911603787
5.923330889327208e-05,0.020304060812162433,236.188754382036,326.23408889182804,2.535016911603787
5.951342700429444e-05,0.0204000800160032,236.36646958357218,326.23408889182804,2.535016911603787
5.956945062649892e-05,0.020419283856771355,236.4019734445823,326.23408889182804,2.535016911603787
5.984956873752129e-05,0.02051530306061212,236.57929779033384,326.23408889182804,2.535016911603787
5.9961615981930235e-05,0.02055371074214843,236.6501368633902,326.23408889182804,2.535016911603787
6.018571047074813e-05,0.020630526105221043,236.79166032268577,326.23408889182804,2.535016911603787
6.102606480381525e-05,0.02091858371674335,237.32055290924464,326.23408889182804,2.535016911603787
6.141823015924656e-05,0.021053010602120423,237.56639668495563,326.23408889182804,2.535016911603787
6.248267898113158e-05,0.021417883576715344,238.2306202143973,326.23408889182804,2.535016911603787
6.281882071435842e-05,0.021533106621324266,238.4394562301656,326.23408889182804,2.535016911603787
6.315496244758526e-05,0.021648329665933188,238.64785688239485,326.23408889182804,2.535016911603787
6.343508055860763e-05,0.021744348869773954,238.8211938458001,326.23408889182804,2.535016911603787
6.349110418081211e-05,0.02176355271054211,238.85582538870872,326.23408889182804,2.535016911603787
6.371519866963e-05,0.021840368073614724,238.99423254903706,326.23408889182804,2.535016911603787
6.455555300269711e-05,0.022128425685137027,239.51157721404917,326.23408889182804,2.535016911603787
6.472362386931054e-05,0.02218603720744149,239.61473024340256,326.23408889182804,2.535016911603787
6.562000182458212e-05,0.022493298659731948,240.16312542290626,326.23408889182804,2.535016911603787
6.713263962410292e-05,0.023011802360472094,241.081963180395,326.23408889182804,2.535016911603787
6.819708844598793e-05,0.023376675335067015,241.7237185160926,326.23408889182804,2.535016911603787
6.836515931260135e-05,0.023434286857371475,241.8246901000778,326.23408889182804,2.535016911603787
6.90934664012595e-05,0.02368393678735747,242.2611196878517,326.23408889182804,2.535016911603787
6.95416553788953e-05,0.0238375675135027,242.5288001254696,326.23408889182804,2.535016911603787
6.965370262330424e-05,0.023875975195039006,242.59561500332921,326.23408889182804,2.535016911603787
7.088622231180269e-05,0.024298459691938386,243.32783337312904,326.23408889182804,2.535016911603787
7.111031680062058e-05,0.024375275055011,243.4604288086194,326.23408889182804,2.535016911603787
7.239886011132348e-05,0.024816963392678536,244.21971366465306,326.23408889182804,2.535016911603787
7.273500184455032e-05,0.024932186437287458,244.41691890841278,326.23408889182804,2.535016911603787
7.351933255541297e-05,0.02520104020804161,244.87568738073702,326.23408889182804,2.535016911603787
7.374342704423087e-05,0.025277855571114224,245.00641298225312,326.23408889182804,2.535016911603787
7.391149791084429e-05,0.025335467093418683,245.10435553545977,326.23408889182804,2.535016911603787
7.402354515525323e-05,0.02537387477495499,245.16960232016578,326.23408889182804,2.535016911603787
7.430366326627561e-05,0.02546989397879576,245.3325509955357,326.23408889182804,2.535016911603787
7.52000412215472e-05,0.02577715543108622,245.8523841109667,326.23408889182804,2.535016911603787
7.699279713209037e-05,0.026391678335667135,246.88485660352885,326.23408889182804,2.535016911603787
7.721689162090826e-05,0.02646849369873975,247.01325314857746,326.23408889182804,2.535016911603787
7.794519870956642e-05,0.026718143628725745,247.42954186123762,326.23408889182804,2.535016911603787
7.80012223317709e-05,0.0267373474694939,247.4615010984669,326.23408889182804,2.535016911603787
7.811326957617985e-05,0.026775755151030207,247.5253927289497,326.23408889182804,2.535016911603787
7.839338768720221e-05,0.026871774354870974,247.6849656308961,326.23408889182804,2.535016911603787
7.917771839806485e-05,0.027140628125625125,248.13059104568683,326.23408889182804,2.535016911603787
7.923374202026933e-05,0.02715983196639328,248.16235540082135,326.23408889182804,2.535016911603787
7.956988375349618e-05,0.027275055011002202,248.3527579137553,326.23408889182804,2.535016911603787
7.962590737570064e-05,0.027294258851770354,248.38446114286415,326.23408889182804,2.535016911603787
7.996204910892749e-05,0.027409481896379276,248.5744981539966,326.23408889182804,2.535016911603787
8.013011997554092e-05,0.02746709341868374,248.6693998064277,326.23408889182804,2.535016911603787
8.024216721994986e-05,0.027505501100220046,248.73262445004036,326.23408889182804,2.535016911603787
8.052228533097223e-05,0.027601520304060812,248.89053561027947,326.23408889182804,2.535016911603787
8.248311210812883e-05,0.02827365473094619,249.98997618252258,326.23408889182804,2.535016911603787
8.287527746356014e-05,0.028408081616323265,250.20863592918005,326.23408889182804,2.535016911603787
8.36035845522183e-05,0.02865773154630926,250.6136507035918,326.23408889182804,2.535016911603787
8.522826959614805e-05,0.029214642928585718,251.51221928781308,326.23408889182804,2.535016911603787
8.5340316840557e-05,0.029253050610122025,251.57394216951943,326.23408889182804,2.535016911603787
8.612464755141964e-05,0.029521904380876176,252.0051208353327,326.23408889182804,2.535016911603787
8.634874204023753e-05,0.02959871974394879,252.1280331083844,326.23408889182804,2.535016911603787
8.66288601512599e-05,0.029694738947789557,252.281498647034,326.23408889182804,2.535016911603787
8.679693101787332e-05,0.02975235047009402,252.37348507737528,326.23408889182804,2.535016911603787
8.948606488368808e-05,0.030674134826965394,253.83594884540906,326.23408889182804,2.535016911603787
8.954208850589255e-05,0.030693338667733546,253.86623314232457,326.23408889182804,2.535016911603787
8.96541357503015e-05,0.030731746349269853,253.92677957621726,326.23408889182804,2.535016911603787
9.127882079423124e-05,0.03128865773154631,254.80141301635132,326.23408889182804,2.535016911603787
9.16149625274581e-05,0.03140388077615523,254.9816112817053,326.23408889182804,2.535016911603787
9.223122237170732e-05,0.031615123024604924,255.3113064895127,326.23408889182804,2.535016911603787
9.295952946036547e-05,0.03186477295459092,255.69984068287076,326.23408889182804,2.535016911603787
9.335169481579678e-05,0.03199919983996799,255.908559597332,326.23408889182804,2.535016911603787
9.368783654902363e-05,0.032114422884576915,256.0871894993688,326.23408889182804,2.535016911603787
9.374386017122812e-05,0.032133626725345074,256.1169368320448,326.23408889182804,2.535016911603787
9.424807277106837e-05,0.03230646129225845,256.38435155209305,326.23408889182804,2.535016911603787
9.475228537090864e-05,0.032479295859171836,256.65120890595256,326.23408889182804,2.535016911603787
9.514445072633995e-05,0.032613722744548906,256.85838192429856,326.23408889182804,2.535016911603787
9.570468694838471e-05,0.032805761152230446,257.1537666066355,326.23408889182804,2.535016911603787
9.581673419279366e-05,0.03284416883376676,257.2127625366203,326.23408889182804,2.535016911603787
9.604082868161154e-05,0.032920984196839365,257.33067374112943,326.23408889182804,2.535016911603787
9.63769704148384e-05,0.03303620724144829,257.50733956236775,326.23408889182804,2.535016911603787
9.693720663688312e-05,0.03322824564912982,257.8012495170216,326.23408889182804,2.535016911603787
9.738539561451892e-05,0.03338187637527505,258.035900789135,326.23408889182804,2.535016911603787
9.878598616963078e-05,0.0338619723944789,258.76648606638116,326.23408889182804,2.535016911603787
9.889803341403972e-05,0.0339003800760152,258.8247577961072,326.23408889182804,2.535016911603787
9.906610428065315e-05,0.033957991598319665,258.9121171373326,326.23408889182804,2.535016911603787
9.962634050269788e-05,0.0341500300060012,259.2028983847141,326.23408889182804,2.535016911603787
9.968236412490237e-05,0.034169233846769356,259.23194139109785,326.23408889182804,2.535016911603787
0.00010013055310253817,0.034322864572914585,259.46405671185465,326.23408889182804,2.535016911603787
0.00010052271845796947,0.034457291458291656,259.6668254345724,326.23408889182804,2.535016911603787
0.00010119500192442317,0.034687737547509506,260.0137126650026,326.23408889182804,2.535016911603787
0.00010164319090205896,0.034841368273654735,260.2444716361764,326.23408889182804,2.535016911603787
0.00010192330901308134,0.0349373874774955,260.3884944955792,326.23408889182804,2.535016911603787
0.000102595592479535,0.03516783356671334,260.7335209816764,326.23408889182804,2.535016911603787
0.00010276366334614843,0.0352254450890178,260.8196396929566,326.23408889182804,2.535016911603787
0.00010354799405701108,0.035494298859771956,261.22080294606104,326.23408889182804,2.535016911603787
0.00010422027752346474,0.03572474494898979,261.5637148562666,326.23408889182804,2.535016911603787
0.00010466846650110053,0.03587837567513502,261.7918436550552,326.23408889182804,2.535016911603787
0.00010534074996755425,0.03610882176435287,262.1333238345324,326.23408889182804,2.535016911603787
0.00010539677358975873,0.03612802560512103,262.1617420945613,326.23408889182804,2.535016911603787
0.00010562086807857661,0.03620484096819364,262.2753562719499,326.23408889182804,2.535016911603787
0.00010758169485573321,0.03687697539507902,263.2655020280524,326.23408889182804,2.535016911603787
0.00010763771847793771,0.036896179235847176,263.2936880023104,326.23408889182804,2.535016911603787
0.00010819795469998243,0.03708821764352871,263.5752337791227,326.23408889182804,2.535016911603787
0.00010853409643320929,0.037203440688137634,263.7438883558026,326.23408889182804,2.535016911603787
0.00010965456887729875,0.0375875175035007,264.3046047952381,326.23408889182804,2.535016911603787
0.0001099907106105256,0.037702740548109626,264.4723834170173,326.23408889182804,2.535016911603787
0.00011066299407697927,0.03793318663732746,264.8073419488292,326.23408889182804,2.535016911603787
0.00011099913581020612,0.03804840968193639,264.9745235444858,326.23408889182804,2.535016911603787
0.00011127925392122849,0.038144428885777154,265.1136907649913,326.23408889182804,2.535016911603787
0.00011256779723193139,0.03858611722344468,265.75210845159097,326.23408889182804,2.535016911603787
0.00011273586809854481,0.038643728745749145,265.83516970252316,326.23408889182804,2.535016911603787
0.0001127918917207493,0.038662932586517304,265.86284605233703,326.23408889182804,2.535016911603787
0.00011290393896515823,0.03870134026805361,265.9181826734461,326.23408889182804,2.535016911603787
0.00011295996258736272,0.03872054410882177,265.9458429521348,326.23408889182804,2.535016911603787
0.00011318405707618061,0.038797359471894374,266.05643060716943,326.23408889182804,2.535016911603787
0.00011335212794279402,0.03885497099419884,266.13931531869747,326.23408889182804,2.535016911603787
0.00011368826967602088,0.03897019403880776,266.30494109369965,326.23408889182804,2.535016911603787
0.00011374429329822537,0.03898939787957592,266.3325268110351,326.23408889182804,2.535016911603787
0.00011419248227586117,0.03914302860572115,266.5530221095441,326.23408889182804,2.535016911603787
0.00011480874212011035,0.03935427085417083,266.8556528474312,326.23408889182804,2.535016911603787
0.00011486476574231483,0.03937347469493899,266.883133279775,326.23408889182804,2.535016911603787
0.00011716173425269829,0.04016083216643329,268.0053709788377,326.23408889182804,2.535016911603787
0.00011721775787490274,0.040180036007201436,268.03263489050033,326.23408889182804,2.535016911603787
0.00011732980511931172,0.040218443688737754,268.087147472764,326.23408889182804,2.535016911603787
0.00011744185236372065,0.04025685137027406,268.1416397560858,326.23408889182804,2.535016911603787
0.00011766594685253853,0.040333666733346665,268.25056353350027,326.23408889182804,2.535016911603787
0.00011777799409694751,0.04037207441488298,268.3049950812383,326.23408889182804,2.535016911603787
0.00011805811220796987,0.04046809361872375,268.44098567043517,326.23408889182804,2.535016911603787
0.0001182261830745833,0.04052570514102821,268.5225196220822,326.23408889182804,2.535016911603787
0.00011901051378544591,0.04079455891178235,268.9024152950869,326.23408889182804,2.535016911603787
0.00011923460827426382,0.040871374274854974,269.0107774094457,326.23408889182804,2.535016911603787
0.00012091531694039806,0.04144748949789959,269.8209766468619,326.23408889182804,2.535016911603787
0.00012181169489566964,0.041754750950190045,270.25128647591714,326.23408889182804,2.535016911603787
0.000122091813006692,0.04185077015403081,270.38550480537776,326.23408889182804,2.535016911603787
0.00012326830907298595,0.042254050810162036,270.9479153520176,326.23408889182804,2.535016911603787
0.00012394059253943962,0.04248449689937987,271.2683528606275,326.23408889182804,2.535016911603787
0.0001246688996280978,0.04273414682936587,271.6147295003369,326.23408889182804,2.535016911603787
0.0001248369704947112,0.04279175835167033,271.69455039372264,326.23408889182804,2.535016911603787
0.0001248929941169157,0.04281096219243849,271.72114804314793,326.23408889182804,2.535016911603787
0.00012567732482777835,0.043079815963192644,272.0930279189409,326.23408889182804,2.535016911603787
0.00012629358467202757,0.043291058211642336,272.38458465091367,326.23408889182804,2.535016911603787
0.0001272459862495036,0.04361752350470094,272.8340833543048,326.23408889182804,2.535016911603787
0.00012763815160493492,0.04375195039007801,273.01878945860733,326.23408889182804,2.535016911603787
0.0001279182697159573,0.04384796959391879,273.1505869097592,326.23408889182804,2.535016911603787
0.0001280863405825707,0.04390558111622324,273.2296113532418,326.23408889182804,2.535016911603787
0.0001283104350713886,0.04398239647929586,273.3349143993668,326.23408889182804,2.535016911603787
0.0001289827185378423,0.0442128425685137,273.65039402395496,326.23408889182804,2.535016911603787
0.0001292628366488647,0.04430886177235448,273.7816545220857,326.23408889182804,2.535016911603787
0.00012954295475988705,0.04440488097619524,273.9128041325971,326.23408889182804,2.535016911603787
0.000130719450826181,0.04480816163232647,274.46242909161754,326.23408889182804,2.535016911603787
0.00013083149807058996,0.04484656931386277,274.5146735049866,326.23408889182804,2.535016911603787
0.00013167185240365705,0.04513462692538507,274.9059519109011,326.23408889182804,2.535016911603787
0.00013172787602586155,0.04515383076615323,274.9320024573085,326.23408889182804,2.535016911603787
0.00013262425398113313,0.04546109221844369,275.3482253349545,326.23408889182804,2.535016911603787
0.0001329043720921555,0.045557111422284455,275.47806979757195,326.23408889182804,2.535016911603787
0.0001343609862694718,0.046056411282256446,276.1515482152385,326.23408889182804,2.535016911603787
0.00013508929335813,0.046306061212242455,276.487219183305,326.23408889182804,2.535016911603787
0.0001359296476911971,0.046594118823764755,276.873656080418,326.23408889182804,2.535016911603787
0.0001360977185578105,0.04665173034606922,276.9508315300002,326.23408889182804,2.535016911603787
0.00013643386029103737,0.04676695339067814,277.10507101151904,326.23408889182804,2.535016911603787
0.0001368260256464687,0.04690138027605521,277.2848298849807,326.23408889182804,2.535016911603787
0.00013699409651308212,0.046958991798359676,277.36180787913105,326.23408889182804,2.535016911603787
0.00013783445084614921,0.047247049409881975,277.74614675765434,326.23408889182804,2.535016911603787
0.0001385067343126029,0.047477495499099825,278.0529602818927,326.23408889182804,2.535016911603787
0.00013985130124551028,0.04793838767753551,278.66485048646314,326.23408889182804,2.535016911603787
0.0001404675610897595,0.048149629925985205,278.94453297834843,326.23408889182804,2.535016911603787
0.00014119586817841769,0.0483992798559712,279.2744506247612,326.23408889182804,2.535016911603787
0.00014125189180062213,0.048418483696739345,279.29980138221487,326.23408889182804,2.535016911603787
0.00014141996266723555,0.04847609521904381,279.3758301371057,326.23408889182804,2.535016911603787
0.00014298862408896086,0.049013802760552116,280.0837406819309,326.23408889182804,2.535016911603787
0.000143716931177619,0.04926345269053811,280.4113832600004,326.23408889182804,2.535016911603787
0.00014394102566643688,0.04934026805361072,280.51206600176516,326.23408889182804,2.535016911603787
0.00014466933275509504,0.049589917983596715,280.83886353283225,326.23408889182804,2.535016911603787
0.00014517354535493532,0.0497627525505101,281.064732212024,326.23408889182804,2.535016911603787
0.00014573378157698005,0.049954790958191636,281.31533888989685,326.23408889182804,2.535016911603787
0.00014578980519918455,0.049973994798959795,281.3403788752274,326.23408889182804,2.535016911603787
0.00014635004142122927,0.05016603320664133,281.59057267599115,326.23408889182804,2.535016911603787
0.000147022324887683,0.05039647929585918,281.8903127248448,326.23408889182804,2.535016911603787
0.0001474144902431143,0.05053090618123625,282.06491423566854,326.23408889182804,2.535016911603787
0.00014864700993161273,0.05095339067813563,282.6124862164392,326.23408889182804,2.535016911603787
0.00014915122253145296,0.051126225245049006,282.83598224379074,326.23408889182804,2.535016911603787
0.00014920724615365746,0.051145429085817165,282.86079693346716,326.23408889182804,2.535016911603787
0.00014971145875349774,0.05131826365273055,283.0839658609958,326.23408889182804,2.535016911603787
0.00015015964773113354,0.05147189437887578,283.2820922768603,326.23408889182804,2.535016911603787
0.00015150421466404092,0.05193278655731147,283.8750923546686,326.23408889182804,2.535016911603787
0.0001516722855306543,0.05199039807961592,283.94907277920487,326.23408889182804,2.535016911603787
0.00015217649813049458,0.052163232646529306,284.17082245972085,326.23408889182804,2.535016911603787
0.00015251263986372144,0.05227845569113823,284.31849640923343,326.23408889182804,2.535016911603787
0.00015290480521915273,0.0524128825765153,284.4906223465884,326.23408889182804,2.535016911603787
0.0001532409469523796,0.05252810562112423,284.6380218756824,326.23408889182804,2.535016911603787
0.00015374515955221988,0.052700940188037615,284.8588849562518,326.23408889182804,2.535016911603787
0.0001546975611296959,0.05302740548109622,285.27530156385484,326.23408889182804,2.535016911603787
0.00015480960837410484,0.05306581316263252,285.32422593292125,326.23408889182804,2.535016911603787
0.0001558180335737854,0.0534114822964593,285.76392555349304,326.23408889182804,2.535016911603787
0.0001559861044403988,0.05346909381876375,285.8371007919278,326.23408889182804,2.535016911603787
0.0001574987422399196,0.053987597519503897,286.4943000029406,326.23408889182804,2.535016911603787
0.00015805897846196438,0.05417963592718544,286.73708184306105,326.23408889182804,2.535016911603787
0.00015828307295078224,0.05425645129025805,286.8341005809897,326.23408889182804,2.535016911603787
0.0001586192146840091,0.054371674334866976,286.9795283058015,326.23408889182804,2.535016911603787
0.00015867523830621354,0.05439087817563512,287.0037545697872,326.23408889182804,2.535016911603787
0.0001590674036616449,0.054525305061012205,287.17324511044285,326.23408889182804,2.535016911603787
0.0001613643721720283,0.055312662532506496,288.16272235112524,326.23408889182804,2.535016911603787
0.00016170051390525516,0.05542788557711542,288.3070618186194,326.23408889182804,2.535016911603787
0.00016175653752745965,0.05544708941788358,288.3311070150483,326.23408889182804,2.535016911603787
0.00016192460839407308,0.05550470094018804,288.40322312451764,326.23408889182804,2.535016911603787
0.0001624848446161178,0.055696739347869575,288.64339959751715,326.23408889182804,2.535016911603787
0.00016315712808257147,0.05592718543708741,288.9311854746194,326.23408889182804,2.535016911603787
0.00016382941154902518,0.05615763152630526,289.21850925485325,326.23408889182804,2.535016911603787
0.00016422157690445648,0.05629205841168233,289.3859024428164,326.23408889182804,2.535016911603787
0.0001643896477710699,0.056349669933986796,289.4575946485648,326.23408889182804,2.535016911603787
0.0001644456713932744,0.056368873774754955,289.48148569727954,326.23408889182804,2.535016911603787
0.00016478181312650126,0.05648409681936388,289.62476538614777,326.23408889182804,2.535016911603787
0.00016618240368161308,0.05696419283856771,290.2205412656373,326.23408889182804,2.535016911603787
0.00016696673439247573,0.057233046609321866,290.5533203126114,326.23408889182804,2.535016911603787
0.00016713480525908916,0.05729065813162633,290.6245507268145,326.23408889182804,2.535016911603787
0.00016741492337011153,0.057386677335467096,290.7432060364687,326.23408889182804,2.535016911603787
0.00016987996274710838,0.05823164632926585,291.7840551539616,326.23408889182804,2.535016911603787
0.0001722329548796963,0.05903820764152831,292.77211184466205,326.23408889182804,2.535016911603787
0.00017234500212410524,0.059076615323064616,292.8190304062474,326.23408889182804,2.535016911603787
0.00017335342732378576,0.05942228445689138,293.24076348039137,326.23408889182804,2.535016911603787
0.0001737455926792171,0.05955671134226845,293.4045122630841,326.23408889182804,2.535016911603787
0.00017402571079023948,0.05965273054610923,293.52138743996,326.23408889182804,2.535016911603787
0.00017469799425669314,0.059883176635327065,293.80158892304246,326.23408889182804,2.535016911603787
0.00017531425410094236,0.06009441888377676,294.0580710776885,326.23408889182804,2.535016911603787
0.00017559437221196473,0.06019043808761752,294.1745376148812,326.23408889182804,2.535016911603787
0.00017800338796675712,0.06101620324064813,295.17317628908,326.23408889182804,2.535016911603787
0.0001785076005665974,0.06118903780756152,295.38152506829255,326.23408889182804,2.535016911603787
0.00017856362418880187,0.061208241648329664,295.4046607563176,326.23408889182804,2.535016911603787
0.0001788997659220287,0.06132346469293859,295.5434154822682,326.23408889182804,2.535016911603787
0.0001789557895442332,0.06134266853370675,295.5665313810561,326.23408889182804,2.535016911603787
0.0001808605926991853,0.06199559911982397,296.35080076972906,326.23408889182804,2.535016911603787
0.000181532876165639,0.062226045209041805,296.62683176479055,326.23408889182804,2.535016911603787
0.0001817569706544569,0.06230286057211443,296.7187534644195,326.23408889182804,2.535016911603787
0.00018214913600988821,0.0624372874574915,296.87951015343407,326.23408889182804,2.535016911603787
0.00018226118325429715,0.0624756951390278,296.92541583613377,326.23408889182804,2.535016911603787
0.00018231720687650164,0.06249489897979596,296.9483645500592,326.23408889182804,2.535016911603787
0.00018248527774311507,0.06255251050210042,297.0171941962359,326.23408889182804,2.535016911603787
0.00018276539585413744,0.06264852970594119,297.13185535821367,326.23408889182804,2.535016911603787
0.00018506236436452087,0.0634358871774355,298.06950553967806,326.23408889182804,2.535016911603787
0.00018579067145317905,0.06368553710742149,298.36586008853305,326.23408889182804,2.535016911603787
0.00018595874231979245,0.06374314862972595,298.4341852174625,326.23408889182804,2.535016911603787
0.0001874153564971088,0.06424244848969794,299.0253309016227,326.23408889182804,2.535016911603787
0.00018859185256340274,0.06464572914582917,299.50148769311676,326.23408889182804,2.535016911603787
0.00018982437225190118,0.06506821364272855,299.9990777646153,326.23408889182804,2.535016911603787
0.00018988039587410562,0.0650874174834967,300.02166550836614,326.23408889182804,2.535016911603787
0.00019116893918480856,0.06552910582116424,300.5404684438043,326.23408889182804,2.535016911603787
0.00019144905729583092,0.065625125025005,300.6530710216704,326.23408889182804,2.535016911603787
0.00019262555336212487,0.06602840568113623,301.1253019098508,326.23408889182804,2.535016911603787
0.0001931857895841696,0.06622044408881776,301.3497782882683,326.23408889182804,2.535016911603787
0.00019335386045078303,0.06627805561112222,301.4170716762662,326.23408889182804,2.535016911603787
0.00019346590769519196,0.06631646329265853,301.46192126165755,326.23408889182804,2.535016911603787
0.00019425023840605461,0.06658531706341268,301.7755852001966,326.23408889182804,2.535016911603787
0.00019503456911691727,0.06685417083416684,302.0887555941784,326.23408889182804,2.535016911603787
0.00019531468722793963,0.0669501900380076,302.20048308017516,326.23408889182804,2.535016911603787
0.00019604299431659779,0.0671998399679936,302.490682468667,326.23408889182804,2.535016911603787
0.00019621106518321121,0.06725745149029806,302.5575918121824,326.23408889182804,2.535016911603787
0.00019654720691643807,0.06737267453490699,302.691343480378,326.23408889182804,2.535016911603787
0.00019660323053864257,0.06739187837567515,302.7136267489287,326.23408889182804,2.535016911603787
0.0001986200809380036,0.06808321664332867,303.5141827883463,326.23408889182804,2.535016911603787
0.00019890019904902597,0.06817923584716944,303.6251198636173,326.23408889182804,2.535016911603787
0.00019968452975988862,0.06844808961792359,303.93541998337156,326.23408889182804,2.535016911603787
0.00019985260062650205,0.06850570114022805,304.0018509827357,326.23408889182804,2.535016911603787
0.00020002067149311548,0.06856331266253252,304.0682601976361,326.23408889182804,2.535016911603787
0.00020030078960413784,0.06865933186637328,304.1788938816227,326.23408889182804,2.535016911603787
0.00020046886047075127,0.06871694338867775,304.24524512885233,326.23408889182804,2.535016911603787
0.00020091704944838706,0.06887057411482297,304.422075809683,326.23408889182804,2.535016911603787
0.00020175740378145415,0.06915863172634527,304.7532192457085,326.23408889182804,2.535016911603787
0.00020220559275908995,0.0693122624524905,304.9296091108798,326.23408889182804,2.535016911603787
0.00020282185260333917,0.0695235047009402,305.1718964110469,326.23408889182804,2.535016911603787
0.00020304594709215704,0.0696003200640128,305.259929678519,326.23408889182804,2.535016911603787
0.00020388630142522418,0.06988837767553512,305.5897175011731,326.23408889182804,2.535016911603787
0.00020394232504742862,0.06990758151630326,305.6116844888443,326.23408889182804,2.535016911603787
0.0002040543722918376,0.06994598919783958,305.6556114052111,326.23408889182804,2.535016911603787
0.00020427846678065548,0.07002280456091219,305.7434370271746,326.23408889182804,2.535016911603787
0.00020562303371356286,0.07048369673934787,306.269603857877,326.23408889182804,2.535016911603787
0.00020567905733576735,0.07050290058011603,306.29149830858825,326.23408889182804,2.535016911603787
0.00020674350615765237,0.07086777355471095,306.7070519867621,326.23408889182804,2.535016911603787
0.00020752783686851496,0.0711366273254651,307.0127156963584,326.23408889182804,2.535016911603787
0.00020797602584615076,0.07129025805161032,307.1871783878685,326.23408889182804,2.535016911603787
0.00020803204946835525,0.07130946189237848,307.2089759098892,326.23408889182804,2.535016911603787
0.00020825614395717312,0.07138627725545109,307.2961431142126,326.23408889182804,2.535016911603787
0.0002088163801792179,0.07157831566313264,307.51390123781266,326.23408889182804,2.535016911603787
0.00021245791562250868,0.07282656531306261,308.9238156985351,326.23408889182804,2.535016911603787
0.0002126820101113266,0.07290338067613523,309.01027055127093,326.23408889182804,2.535016911603787
0.0002130741754667579,0.0730378075615123,309.1614811063312,326.23408889182804,2.535016911603787
0.00021318622271116684,0.07307621524304861,309.20466418136454,326.23408889182804,2.535016911603787
0.00021425067153305185,0.07344108821764353,309.6144628784412,326.23408889182804,2.535016911603787
0.00021453078964407422,0.0735371074214843,309.7221725724896,326.23408889182804,2.535016911603787
0.00021559523846595923,0.07390198039607922,310.1309701562278,326.23408889182804,2.535016911603787
0.00021576330933257266,0.07395959191838368,310.19544511788496,326.23408889182804,2.535016911603787
0.00021806027784295612,0.07474694938987798,311.0746490769697,326.23408889182804,2.535016911603787
0.00021990905737570373,0.07538067613522705,311.7796803893464,326.23408889182804,2.535016911603787
0.0002208054353309753,0.0756879375875175,312.12068134532825,326.23408889182804,2.535016911603787
0.0002209174825753843,0.07572634526905382,312.163268471633,326.23408889182804,2.535016911603787
0.00022102952981979324,0.07576475295059013,312.20584717485417,326.23408889182804,2.535016911603787
0.00022108555344199768,0.07578395679135827,312.2271333696633,326.23408889182804,2.535016911603787
0.00022142169517522453,0.0758991798359672,312.3548063899618,326.23408889182804,2.535016911603787
0.00022237409675270061,0.07622564512902581,312.7161367660304,326.23408889182804,2.535016911603787
0.00022243012037490508,0.07624484896979396,312.73737267926816,326.23408889182804,2.535016911603787
0.00022293433297474534,0.07641768353670735,312.928402120783,326.23408889182804,2.535016911603787
0.00022310240384135877,0.07647529505901181,312.99204114702826,326.23408889182804,2.535016911603787
0.0002232144510857677,0.07651370274054811,313.0344567775143,326.23408889182804,2.535016911603787
0.00022349456919679007,0.07660972194438888,313.1404595414469,326.23408889182804,2.535016911603787
0.00022388673455222142,0.07674414882976596,313.2887764030895,326.23408889182804,2.535016911603787
0.0002241108290410393,0.07682096419283857,313.37348340445794,326.23408889182804,2.535016911603787
0.000224783112507493,0.07705141028205642,313.62740643052155,326.23408889182804,2.535016911603787
0.00022506323061851537,0.07714742948589719,313.73312025744053,326.23408889182804,2.535016911603787
0.0002251752778629243,0.07718583716743349,313.77539141889514,326.23408889182804,2.535016911603787
0.0002252313014851288,0.07720504100820165,313.79652392332395,326.23408889182804,2.535016911603787
0.00022556744321835563,0.07732026405281056,313.9232759263571,326.23408889182804,2.535016911603787
0.00022579153770717353,0.07739707941588318,314.00773633877225,326.23408889182804,2.535016911603787
0.00022635177392921825,0.07758911782356472,314.218744468507,326.23408889182804,2.535016911603787
0.00022651984479583168,0.07764672934586918,314.28200717684217,326.23408889182804,2.535016911603787
0.00022859271881739722,0.07835727145429086,315.0607481178876,326.23408889182804,2.535016911603787
0.00022937704952825987,0.07862612522504502,315.3546880611146,326.23408889182804,2.535016911603787
0.0002307776400833717,0.07910622124424885,315.8786077033882,326.23408889182804,2.535016911603787
0.0002315059471720299,0.07935587117423486,316.15055575756156,326.23408889182804,2.535016911603787
0.00023156197079423436,0.079375075015003,316.1714610083197,326.23408889182804,2.535016911603787
0.0002318981125274612,0.07949029805961193,316.29685111485776,326.23408889182804,2.535016911603787
0.00023391496292682226,0.08018163632726545,317.0477085649273,326.23408889182804,2.535016911603787
0.0002353715771041386,0.08068093618723746,317.5884251354062,326.23408889182804,2.535016911603787
0.0002358197660817744,0.08083456691338269,317.7545367063744,326.23408889182804,2.535016911603787
0.00023671614403704598,0.08114182836567314,318.0863909349823,326.23408889182804,2.535016911603787
0.0002375564983701131,0.08142988597719544,318.3970594522024,326.23408889182804,2.535016911603787
0.00023828480545877125,0.08167953590718144,318.6659589691251,326.23408889182804,2.535016911603787
0.00023839685270318019,0.08171794358871774,318.70729965873113,326.23408889182804,2.535016911603787
0.00023873299443640704,0.08183316663332667,318.83127628471436,326.23408889182804,2.535016911603787
0.000239909490502701,0.08223644728945789,319.26465937055167,326.23408889182804,2.535016911603787
0.00024030165585813235,0.08237087417483498,319.40893610539007,326.23408889182804,2.535016911603787
0.00024063779759135915,0.08248609721944389,319.53252880614104,326.23408889182804,2.535016911603787
0.00024203838814647102,0.08296619323864773,320.0467753245422,326.23408889182804,2.535016911603787
0.0002425426007463113,0.08313902780556112,320.231619801244,326.23408889182804,2.535016911603787
0.00024355102594599183,0.08348469693938788,320.6008597768593,326.23408889182804,2.535016911603787
0.00024360704956819627,0.08350390078015603,320.6213556086553,326.23408889182804,2.535016911603787
0.00024388716767921869,0.08359991998399681,320.7238072064262,326.23408889182804,2.535016911603787
0.00024573594721196627,0.08423364672934587,321.3988404553162,326.23408889182804,2.535016911603787
0.00024584799445637526,0.08427205441088217,321.43968778876973,326.23408889182804,2.535016911603787
0.0002466883487894424,0.08456011202240449,321.745811700742,326.23408889182804,2.535016911603787
0.00024730460863369157,0.08477135427085418,321.9700441506575,326.23408889182804,2.535016911603787
0.0002476967739891229,0.08490578115623125,322.1126240734209,326.23408889182804,2.535016911603787
0.00024797689210014523,0.08500180036007202,322.2144129796933,326.23408889182804,2.535016911603787
0.0002481449629667587,0.08505941188237648,322.27546479903015,326.23408889182804,2.535016911603787
0.0002482570102111676,0.08509781956391278,322.31615705279233,326.23408889182804,2.535016911603787
0.00024848110469998555,0.0851746349269854,322.397520078635,326.23408889182804,2.535016911603787
0.0002493214590330526,0.0854626925385077,322.7023768892321,326.23408889182804,2.535016911603787
0.00024937748265525713,0.08548189637927586,322.72268641662896,326.23408889182804,2.535016911603787
0.0002501618133661198,0.08575075015003002,323.0068332216465,326.23408889182804,2.535016911603787
0.0002502178369883242,0.08576995399079816,323.0271161171086,326.23408889182804,2.535016911603787
0.0002507220495881645,0.08594278855771155,323.20958254550203,326.23408889182804,2.535016911603787
0.0002517864984100495,0.08630766153230647,323.5943201540685,326.23408889182804,2.535016911603787
0.0002526268527431166,0.08659571914382877,323.89761247570823,326.23408889182804,2.535016911603787
0.000252906970854139,0.08669173834766954,323.9986224457897,326.23408889182804,2.535016911603787
0.0002530750417207524,0.086749349869974,324.059207484501,326.23408889182804,2.535016911603787
0.0002537473251872061,0.08697979595919185,324.30139088613015,326.23408889182804,2.535016911603787
0.0002538033488094106,0.08699899979996,324.32156153374245,326.23408889182804,2.535016911603787
0.0002541955141648419,0.08713342668533708,324.4627074787752,326.23408889182804,2.535016911603787
0.00025447563227586425,0.08722944588917785,324.5634740211925,326.23408889182804,2.535016911603787
0.0002550918921201135,0.08744068813762754,324.785008268698,326.23408889182804,2.535016911603787
0.00025514791574231797,0.08745989197839568,324.8051373901228,326.23408889182804,2.535016911603787
0.0002580051204747461,0.08843928785757152,325.82944856704404,326.23408889182804,2.535016911603787
0.0002587334275634043,0.08868893778755751,326.08983874942277,326.23408889182804,2.535016911603787
0.0002605261834739475,0.08930346069213843,326.7295843163468,326.23408889182804,2.535016911603787
0.0002608063015849698,0.0893994798959792,326.8293892613682,326.23408889182804,2.535016911603787
0.00026097437245158327,0.08945709141828366,326.88925216165313,326.23408889182804,2.535016911603787
0.00026181472678465034,0.08974514902980596,327.1883414280037,326.23408889182804,2.535016911603787
0.0002619827976512638,0.08980276055211042,327.24811432810185,326.23408889182804,2.535016911603787
0.00026203882127346826,0.08982196439287858,327.2680353045416,326.23408889182804,2.535016911603787
0.0002630472464731488,0.09016763352670534,327.62632933121785,326.23408889182804,2.535016911603787
0.0002631032700953533,0.0901868373674735,327.6462188333053,326.23408889182804,2.535016911603787
0.00026349543545078457,0.09032126425285057,327.78539912934457,326.23408889182804,2.535016911603787
0.0002639996480506249,0.09049409881976396,327.964226575388,326.23408889182804,2.535016911603787
0.00026439181340605616,0.09062852570514103,328.103222515184,326.23408889182804,2.535016911603787
0.0002644478370282607,0.09064772954590919,328.123072512295,326.23408889182804,2.535016911603787
0.0002654562622279412,0.09099339867973595,328.4800924907822,326.23408889182804,2.535016911603787
0.00026596047482778146,0.09116623324664934,328.65840409892814,326.23408889182804,2.535016911603787
0.0002668008291608486,0.09145429085817164,328.9552974182778,326.23408889182804,2.535016911603787
0.0002674731126273023,0.09168473694738949,329.1925495712295,326.23408889182804,2.535016911603787
0.0002689297268046186,0.09218403680736148,329.70579954034224,326.23408889182804,2.535016911603787
0.0002695459866488678,0.09239527905581117,329.9226172541448,326.23408889182804,2.535016911603787
0.0002707224827151618,0.0927985597119424,330.3360058953453,326.23408889182804,2.535016911603787
0.0002714507898038199,0.09304820964192839,330.5915620669816,326.23408889182804,2.535016911603787
0.0002717309079148423,0.09314422884576916,330.6897816816397,326.23408889182804,2.535016911603787
0.00027296342760334074,0.09356671334266854,331.1214797226686,326.23408889182804,2.535016911603787
0.00027559653784695097,0.09446929385877176,332.0412051016595,326.23408889182804,2.535016911603787
0.0002764368921800181,0.09475735147029406,332.33401224225196,326.23408889182804,2.535016911603787
0.0002772772465130852,0.09504540908181637,332.6264724414727,326.23408889182804,2.535016911603787
0.0002781736244683568,0.09535267053410683,332.9380492264247,326.23408889182804,2.535016911603787
0.0002790139788014239,0.09564072814562913,333.2297970304263,326.23408889182804,2.535016911603787
0.0002790700024236284,0.09565993198639729,333.2492346905621,326.23408889182804,2.535016911603787
0.0002791820496680373,0.09569833966793359,333.2881054459417,326.23408889182804,2.535016911603787
0.00027929409691244625,0.0957367473494699,333.32697011762815,326.23408889182804,2.535016911603787
0.00028019047486771783,0.09604400880176035,333.6376688845543,326.23408889182804,2.535016911603787
0.000281030829200785,0.09633206641328267,333.9285970981511,326.23408889182804,2.535016911603787
0.0002816470890450342,0.09654330866173236,334.14172886895386,326.23408889182804,2.535016911603787
0.0002823753961336924,0.09679295859171835,334.39337753113773,326.23408889182804,2.535016911603787
0.00028276756148912365,0.09692738547709542,334.5287758042113,326.23408889182804,2.535016911603787
0.0002831037032223505,0.09704260852170435,334.6447731883337,326.23408889182804,2.535016911603787
0.000283159726844555,0.0970618123624725,334.6641008622808,326.23408889182804,2.535016911603787
0.00028343984495557737,0.09715783156631327,334.7607168706047,326.23408889182804,2.535016911603787
0.00028349586857778184,0.09717703540708142,334.7800356028546,326.23408889182804,2.535016911603787
0.00028360791582219077,0.09721544308861772,334.81866860121323,326.23408889182804,2.535016911603787
0.0002837759866888042,0.09727305461092219,334.8766069395285,326.23408889182804,2.535016911603787
0.0002843922465330534,0.09748429685937188,335.08893311282594,326.23408889182804,2.535016911603787
0.00028506452999950714,0.09771474294858973,335.32035712219715,326.23408889182804,2.535016911603787
0.00028540067173273394,0.09782996599319864,335.43598929959836,326.23408889182804,2.535016911603787
0.00028551271897714293,0.09786837367473496,335.4745215539885,326.23408889182804,2.535016911603787
0.0002867452386656413,0.09829085817163433,335.89798785579757,326.23408889182804,2.535016911603787
0.0002868572859100503,0.09832926585317064,335.9364495576704,326.23408889182804,2.535016911603787
0.0002869133095322547,0.09834846969393879,335.95567821142555,326.23408889182804,2.535016911603787
0.0002870813803988682,0.09840608121624325,336.01335538873536,326.23408889182804,2.535016911603787
0.0002871934276432771,0.09844448889777956,336.05179952428335,326.23408889182804,2.535016911603787
0.0002873054748876861,0.09848289657931587,336.0902378107404,326.23408889182804,2.535016911603787
0.0002894343725314561,0.0992126425285057,336.81945812533525,326.23408889182804,2.535016911603787
0.0002896024433980695,0.09927025405081016,336.8769389062791,326.23408889182804,2.535016911603787
0.000289658467020274,0.09928945789157832,336.89609627529023,326.23408889182804,2.535016911603787
0.00028977051426468293,0.09932786557311463,336.9344066786888,326.23408889182804,2.535016911603787
0.00028993858513129634,0.09938547709541909,336.9918614530506,326.23408889182804,2.535016911603787
0.0002902747268645232,0.09950070014002801,337.1067320495046,326.23408889182804,2.535016911603787
0.00029044279773113665,0.09955831166233248,337.1641478924973,326.23408889182804,2.535016911603787
0.00029094701033097686,0.09973114622924585,337.3363177256384,326.23408889182804,2.535016911603787
